day,network,kind,metric,n,of,value
2026-09-15,aleo,static,state,,,ok
2026-09-15,aleo,static,age_hours,,,18.0
2026-09-15,aleo,static,timetable_ends_on,,,2027-07-04
2026-09-15,aleo,static,days_left,,,292
2026-09-15,aleo,trip_updates,samples,,,1
2026-09-15,aleo,trip_updates,ok,,,1
2026-09-15,aleo,trip_updates,header_age_seconds,,,9
2026-09-15,aleo,trip_updates,entities,,,21
2026-09-15,aleo,trip_updates,no_trip_id,,,0
2026-09-15,aleo,trip_updates,trip_join,10,10,
2026-09-15,aleo,trip_updates,stop_updates_timed,317,317,
2026-09-15,aleo,trip_updates,cancelled,0,10,
2026-09-15,aleo,vehicle_positions,samples,,,1
2026-09-15,aleo,vehicle_positions,ok,,,1
2026-09-15,aleo,vehicle_positions,header_age_seconds,,,9
2026-09-15,aleo,vehicle_positions,entities,,,21
2026-09-15,aleo,vehicle_positions,with_position,10,10,
2026-09-15,aleo,vehicle_positions,with_trip_id,10,10,
2026-09-15,aleo,vehicle_positions,with_route_id,10,10,
2026-09-15,aleo,vehicle_positions,trip_join,10,10,
2026-09-15,cars-38,static,state,,,ok
2026-09-15,cars-38,static,age_hours,,,84.0
2026-09-15,cars-38,static,timetable_ends_on,,,2027-08-31
2026-09-15,cars-38,static,days_left,,,350
2026-09-15,cars-38,trip_updates,samples,,,1
2026-09-15,cars-38,trip_updates,ok,,,1
2026-09-15,cars-38,trip_updates,header_age_seconds,,,59
2026-09-15,cars-38,trip_updates,entities,,,14
2026-09-15,cars-38,trip_updates,no_trip_id,,,0
2026-09-15,cars-38,trip_updates,trip_join,14,14,
2026-09-15,cars-38,trip_updates,stop_updates_timed,163,163,
2026-09-15,cars-38,trip_updates,cancelled,2,14,
2026-09-15,cars-38,alerts,samples,,,1
2026-09-15,cars-38,alerts,ok,,,1
2026-09-15,cars-38,alerts,header_age_seconds,,,11
2026-09-15,cars-38,alerts,entities,,,1097
2026-09-15,cars-38,alerts,informed_resolved,2981,2981,
2026-09-15,jybus,static,state,,,ok
2026-09-15,jybus,static,age_hours,,,156.8
2026-09-15,jybus,static,timetable_ends_on,,,2027-07-03
2026-09-15,jybus,static,days_left,,,291
2026-09-15,jybus,trip_updates,samples,,,1
2026-09-15,jybus,trip_updates,ok,,,1
2026-09-15,jybus,trip_updates,header_age_seconds,,,17
2026-09-15,jybus,trip_updates,entities,,,6
2026-09-15,jybus,trip_updates,no_trip_id,,,0
2026-09-15,jybus,trip_updates,trip_join,6,6,
2026-09-15,jybus,trip_updates,stop_updates_timed,62,62,
2026-09-15,jybus,trip_updates,cancelled,0,6,
2026-09-15,jybus,vehicle_positions,samples,,,1
2026-09-15,jybus,vehicle_positions,ok,,,1
2026-09-15,jybus,vehicle_positions,header_age_seconds,,,13
2026-09-15,jybus,vehicle_positions,entities,,,5
2026-09-15,jybus,vehicle_positions,with_position,5,5,
2026-09-15,jybus,vehicle_positions,with_trip_id,5,5,
2026-09-15,jybus,vehicle_positions,with_route_id,5,5,
2026-09-15,jybus,vehicle_positions,trip_join,5,5,
2026-09-15,lva,static,state,,,ok
2026-09-15,lva,static,age_hours,,,156.7
2026-09-15,lva,static,timetable_ends_on,,,2026-12-31
2026-09-15,lva,static,days_left,,,107
2026-09-15,lva,trip_updates,samples,,,1
2026-09-15,lva,trip_updates,ok,,,1
2026-09-15,lva,trip_updates,header_age_seconds,,,0
2026-09-15,lva,trip_updates,entities,,,23
2026-09-15,lva,trip_updates,no_trip_id,,,0
2026-09-15,lva,trip_updates,trip_join,13,13,
2026-09-15,lva,trip_updates,stop_updates_timed,199,199,
2026-09-15,lva,trip_updates,cancelled,0,13,
2026-09-15,lva,vehicle_positions,samples,,,1
2026-09-15,lva,vehicle_positions,ok,,,1
2026-09-15,lva,vehicle_positions,header_age_seconds,,,0
2026-09-15,lva,vehicle_positions,entities,,,23
2026-09-15,lva,vehicle_positions,with_position,10,10,
2026-09-15,lva,vehicle_positions,with_trip_id,10,10,
2026-09-15,lva,vehicle_positions,with_route_id,10,10,
2026-09-15,lva,vehicle_positions,trip_join,10,10,
2026-09-15,lva,alerts,samples,,,1
2026-09-15,lva,alerts,ok,,,1
2026-09-15,lva,alerts,header_age_seconds,,,0
2026-09-15,lva,alerts,entities,,,13
2026-09-15,lva,alerts,informed_resolved,16,16,
2026-09-15,maelis,static,state,,,never_ingested
2026-09-15,maelis,static,age_hours,,,
2026-09-15,maelis,static,timetable_ends_on,,,
2026-09-15,maelis,static,days_left,,,
2026-09-15,maelis,trip_updates,samples,,,1
2026-09-15,maelis,trip_updates,ok,,,1
2026-09-15,maelis,trip_updates,header_age_seconds,,,0
2026-09-15,maelis,trip_updates,entities,,,20
2026-09-15,maelis,trip_updates,no_trip_id,,,0
2026-09-15,maelis,trip_updates,trip_join,,,
2026-09-15,maelis,trip_updates,stop_updates_timed,626,626,
2026-09-15,maelis,trip_updates,cancelled,0,20,
2026-09-15,maelis,vehicle_positions,samples,,,1
2026-09-15,maelis,vehicle_positions,ok,,,1
2026-09-15,maelis,vehicle_positions,header_age_seconds,,,8
2026-09-15,maelis,vehicle_positions,entities,,,10
2026-09-15,maelis,vehicle_positions,with_position,10,10,
2026-09-15,maelis,vehicle_positions,with_trip_id,10,10,
2026-09-15,maelis,vehicle_positions,with_route_id,0,10,
2026-09-15,maelis,vehicle_positions,trip_join,,,
2026-09-15,mobivie,static,state,,,ok
2026-09-15,mobivie,static,age_hours,,,121.9
2026-09-15,mobivie,static,timetable_ends_on,,,2027-08-29
2026-09-15,mobivie,static,days_left,,,348
2026-09-15,mobivie,trip_updates,samples,,,1
2026-09-15,mobivie,trip_updates,ok,,,1
2026-09-15,mobivie,trip_updates,header_age_seconds,,,3
2026-09-15,mobivie,trip_updates,entities,,,43
2026-09-15,mobivie,trip_updates,no_trip_id,,,0
2026-09-15,mobivie,trip_updates,trip_join,43,43,
2026-09-15,mobivie,trip_updates,stop_updates_timed,1032,1035,
2026-09-15,mobivie,trip_updates,cancelled,0,43,
2026-09-15,mobivie,vehicle_positions,samples,,,1
2026-09-15,mobivie,vehicle_positions,ok,,,1
2026-09-15,mobivie,vehicle_positions,header_age_seconds,,,4
2026-09-15,mobivie,vehicle_positions,entities,,,12
2026-09-15,mobivie,vehicle_positions,with_position,12,12,
2026-09-15,mobivie,vehicle_positions,with_trip_id,12,12,
2026-09-15,mobivie,vehicle_positions,with_route_id,12,12,
2026-09-15,mobivie,vehicle_positions,trip_join,12,12,
2026-09-15,montelibus,static,state,,,ok
2026-09-15,montelibus,static,age_hours,,,156.6
2026-09-15,montelibus,static,timetable_ends_on,,,2026-10-18
2026-09-15,montelibus,static,days_left,,,33
2026-09-15,montelibus,trip_updates,samples,,,1
2026-09-15,montelibus,trip_updates,ok,,,1
2026-09-15,montelibus,trip_updates,header_age_seconds,,,1
2026-09-15,montelibus,trip_updates,entities,,,49
2026-09-15,montelibus,trip_updates,no_trip_id,,,0
2026-09-15,montelibus,trip_updates,trip_join,49,49,
2026-09-15,montelibus,trip_updates,stop_updates_timed,889,935,
2026-09-15,montelibus,trip_updates,cancelled,0,49,
2026-09-15,montelibus,vehicle_positions,samples,,,1
2026-09-15,montelibus,vehicle_positions,ok,,,1
2026-09-15,montelibus,vehicle_positions,header_age_seconds,,,3
2026-09-15,montelibus,vehicle_positions,entities,,,12
2026-09-15,montelibus,vehicle_positions,with_position,12,12,
2026-09-15,montelibus,vehicle_positions,with_trip_id,12,12,
2026-09-15,montelibus,vehicle_positions,with_route_id,12,12,
2026-09-15,montelibus,vehicle_positions,trip_join,12,12,
2026-09-15,ondea,static,state,,,ok
2026-09-15,ondea,static,age_hours,,,156.9
2026-09-15,ondea,static,timetable_ends_on,,,2026-12-31
2026-09-15,ondea,static,days_left,,,107
2026-09-15,ondea,trip_updates,samples,,,1
2026-09-15,ondea,trip_updates,ok,,,1
2026-09-15,ondea,trip_updates,header_age_seconds,,,15
2026-09-15,ondea,trip_updates,entities,,,27
2026-09-15,ondea,trip_updates,no_trip_id,,,0
2026-09-15,ondea,trip_updates,trip_join,27,27,
2026-09-15,ondea,trip_updates,stop_updates_timed,640,640,
2026-09-15,ondea,trip_updates,cancelled,0,27,
2026-09-15,ondea,alerts,samples,,,1
2026-09-15,ondea,alerts,ok,,,1
2026-09-15,ondea,alerts,header_age_seconds,,,9
2026-09-15,ondea,alerts,entities,,,11
2026-09-15,ondea,alerts,informed_resolved,11,11,
2026-09-15,rlv,static,state,,,ok
2026-09-15,rlv,static,age_hours,,,156.7
2026-09-15,rlv,static,timetable_ends_on,,,2027-08-28
2026-09-15,rlv,static,days_left,,,347
2026-09-15,rlv,trip_updates,samples,,,1
2026-09-15,rlv,trip_updates,ok,,,1
2026-09-15,rlv,trip_updates,header_age_seconds,,,0
2026-09-15,rlv,trip_updates,entities,,,27
2026-09-15,rlv,trip_updates,no_trip_id,,,0
2026-09-15,rlv,trip_updates,trip_join,27,27,
2026-09-15,rlv,trip_updates,stop_updates_timed,738,738,
2026-09-15,rlv,trip_updates,cancelled,0,27,
2026-09-15,rlv,vehicle_positions,samples,,,1
2026-09-15,rlv,vehicle_positions,ok,,,1
2026-09-15,rlv,vehicle_positions,header_age_seconds,,,6
2026-09-15,rlv,vehicle_positions,entities,,,7
2026-09-15,rlv,vehicle_positions,with_position,7,7,
2026-09-15,rlv,vehicle_positions,with_trip_id,7,7,
2026-09-15,rlv,vehicle_positions,with_route_id,7,7,
2026-09-15,rlv,vehicle_positions,trip_join,7,7,
2026-09-15,ruban,static,state,,,ok
2026-09-15,ruban,static,age_hours,,,16.0
2026-09-15,ruban,static,timetable_ends_on,,,2027-08-28
2026-09-15,ruban,static,days_left,,,347
2026-09-15,ruban,trip_updates,samples,,,1
2026-09-15,ruban,trip_updates,ok,,,1
2026-09-15,ruban,trip_updates,header_age_seconds,,,4
2026-09-15,ruban,trip_updates,entities,,,36
2026-09-15,ruban,trip_updates,no_trip_id,,,0
2026-09-15,ruban,trip_updates,trip_join,18,18,
2026-09-15,ruban,trip_updates,stop_updates_timed,600,602,
2026-09-15,ruban,trip_updates,cancelled,0,18,
2026-09-15,ruban,vehicle_positions,samples,,,1
2026-09-15,ruban,vehicle_positions,ok,,,1
2026-09-15,ruban,vehicle_positions,header_age_seconds,,,4
2026-09-15,ruban,vehicle_positions,entities,,,36
2026-09-15,ruban,vehicle_positions,with_position,18,18,
2026-09-15,ruban,vehicle_positions,with_trip_id,18,18,
2026-09-15,ruban,vehicle_positions,with_route_id,18,18,
2026-09-15,ruban,vehicle_positions,trip_join,18,18,
2026-09-15,rubis,static,state,,,never_ingested
2026-09-15,rubis,static,age_hours,,,
2026-09-15,rubis,static,timetable_ends_on,,,
2026-09-15,rubis,static,days_left,,,
2026-09-15,rubis,trip_updates,samples,,,1
2026-09-15,rubis,trip_updates,ok,,,1
2026-09-15,rubis,trip_updates,header_age_seconds,,,3
2026-09-15,rubis,trip_updates,entities,,,56
2026-09-15,rubis,trip_updates,no_trip_id,,,0
2026-09-15,rubis,trip_updates,trip_join,,,
2026-09-15,rubis,trip_updates,stop_updates_timed,1581,1581,
2026-09-15,rubis,trip_updates,cancelled,0,56,
2026-09-15,rubis,vehicle_positions,samples,,,1
2026-09-15,rubis,vehicle_positions,ok,,,1
2026-09-15,rubis,vehicle_positions,header_age_seconds,,,7
2026-09-15,rubis,vehicle_positions,entities,,,28
2026-09-15,rubis,vehicle_positions,with_position,28,28,
2026-09-15,rubis,vehicle_positions,with_trip_id,28,28,
2026-09-15,rubis,vehicle_positions,with_route_id,0,28,
2026-09-15,rubis,vehicle_positions,trip_join,,,
2026-09-15,sibra,static,state,,,ok
2026-09-15,sibra,static,age_hours,,,110.9
2026-09-15,sibra,static,timetable_ends_on,,,2026-10-18
2026-09-15,sibra,static,days_left,,,33
2026-09-15,stas,static,state,,,never_ingested
2026-09-15,stas,static,age_hours,,,
2026-09-15,stas,static,timetable_ends_on,,,
2026-09-15,stas,static,days_left,,,
2026-09-15,stas,trip_updates,samples,,,1
2026-09-15,stas,trip_updates,ok,,,0
2026-09-15,stas,trip_updates,header_age_seconds,,,
2026-09-15,stas,trip_updates,entities,,,
2026-09-15,stas,trip_updates,no_trip_id,,,0
2026-09-15,stas,trip_updates,trip_join,,,
2026-09-15,stas,trip_updates,stop_updates_timed,,,
2026-09-15,stas,trip_updates,cancelled,,,
2026-09-15,synchro,static,state,,,ok
2026-09-15,synchro,static,age_hours,,,156.8
2026-09-15,synchro,static,timetable_ends_on,,,2026-10-18
2026-09-15,synchro,static,days_left,,,33
2026-09-15,synchro,trip_updates,samples,,,1
2026-09-15,synchro,trip_updates,ok,,,1
2026-09-15,synchro,trip_updates,header_age_seconds,,,3
2026-09-15,synchro,trip_updates,entities,,,216
2026-09-15,synchro,trip_updates,no_trip_id,,,0
2026-09-15,synchro,trip_updates,trip_join,216,216,
2026-09-15,synchro,trip_updates,stop_updates_timed,6551,6875,
2026-09-15,synchro,trip_updates,cancelled,0,216,
2026-09-15,synchro,alerts,samples,,,1
2026-09-15,synchro,alerts,ok,,,1
2026-09-15,synchro,alerts,header_age_seconds,,,0
2026-09-15,synchro,alerts,entities,,,13
2026-09-15,synchro,alerts,informed_resolved,16,17,
2026-09-15,t2c,static,state,,,ok
2026-09-15,t2c,static,age_hours,,,157.0
2026-09-15,t2c,static,timetable_ends_on,,,2026-12-31
2026-09-15,t2c,static,days_left,,,107
2026-09-15,t2c,trip_updates,samples,,,1
2026-09-15,t2c,trip_updates,ok,,,1
2026-09-15,t2c,trip_updates,header_age_seconds,,,5
2026-09-15,t2c,trip_updates,entities,,,1022
2026-09-15,t2c,trip_updates,no_trip_id,,,0
2026-09-15,t2c,trip_updates,trip_join,32,1022,
2026-09-15,t2c,trip_updates,stop_updates_timed,31598,32169,
2026-09-15,t2c,trip_updates,cancelled,8,1022,
2026-09-15,tac-annemasse,static,state,,,ok
2026-09-15,tac-annemasse,static,age_hours,,,156.8
2026-09-15,tac-annemasse,static,timetable_ends_on,,,2027-08-31
2026-09-15,tac-annemasse,static,days_left,,,350
2026-09-15,tac-annemasse,trip_updates,samples,,,1
2026-09-15,tac-annemasse,trip_updates,ok,,,1
2026-09-15,tac-annemasse,trip_updates,header_age_seconds,,,24
2026-09-15,tac-annemasse,trip_updates,entities,,,58
2026-09-15,tac-annemasse,trip_updates,no_trip_id,,,0
2026-09-15,tac-annemasse,trip_updates,trip_join,57,58,
2026-09-15,tac-annemasse,trip_updates,stop_updates_timed,1012,1126,
2026-09-15,tac-annemasse,trip_updates,cancelled,0,58,
2026-09-15,tac-annemasse,alerts,samples,,,1
2026-09-15,tac-annemasse,alerts,ok,,,1
2026-09-15,tac-annemasse,alerts,header_age_seconds,,,6
2026-09-15,tac-annemasse,alerts,entities,,,8
2026-09-15,tac-annemasse,alerts,informed_resolved,10,10,
2026-09-15,tag,static,state,,,ok
2026-09-15,tag,static,age_hours,,,20.0
2026-09-15,tag,static,timetable_ends_on,,,2026-12-31
2026-09-15,tag,static,days_left,,,107
2026-09-15,divia,static,state,,,ok
2026-09-15,divia,static,age_hours,,,156.9
2026-09-15,divia,static,timetable_ends_on,,,2026-12-31
2026-09-15,divia,static,days_left,,,107
2026-09-15,divia,trip_updates,samples,,,1
2026-09-15,divia,trip_updates,ok,,,1
2026-09-15,divia,trip_updates,header_age_seconds,,,11
2026-09-15,divia,trip_updates,entities,,,322
2026-09-15,divia,trip_updates,no_trip_id,,,0
2026-09-15,divia,trip_updates,trip_join,322,322,
2026-09-15,divia,trip_updates,stop_updates_timed,7503,7515,
2026-09-15,divia,trip_updates,cancelled,9,322,
2026-09-15,divia,vehicle_positions,samples,,,1
2026-09-15,divia,vehicle_positions,ok,,,1
2026-09-15,divia,vehicle_positions,header_age_seconds,,,1
2026-09-15,divia,vehicle_positions,entities,,,111
2026-09-15,divia,vehicle_positions,with_position,111,111,
2026-09-15,divia,vehicle_positions,with_trip_id,110,111,
2026-09-15,divia,vehicle_positions,with_route_id,110,111,
2026-09-15,divia,vehicle_positions,trip_join,110,110,
2026-09-15,ginko,static,state,,,ok
2026-09-15,ginko,static,age_hours,,,25.9
2026-09-15,ginko,static,timetable_ends_on,,,2026-10-25
2026-09-15,ginko,static,days_left,,,40
2026-09-15,grandole,static,state,,,ok
2026-09-15,grandole,static,age_hours,,,156.8
2026-09-15,grandole,static,timetable_ends_on,,,2027-09-10
2026-09-15,grandole,static,days_left,,,360
2026-09-15,grandole,trip_updates,samples,,,1
2026-09-15,grandole,trip_updates,ok,,,1
2026-09-15,grandole,trip_updates,header_age_seconds,,,4
2026-09-15,grandole,trip_updates,entities,,,21
2026-09-15,grandole,trip_updates,no_trip_id,,,0
2026-09-15,grandole,trip_updates,trip_join,21,21,
2026-09-15,grandole,trip_updates,stop_updates_timed,487,487,
2026-09-15,grandole,trip_updates,cancelled,0,21,
2026-09-15,leo,static,state,,,ok
2026-09-15,leo,static,age_hours,,,157.0
2026-09-15,leo,static,timetable_ends_on,,,2027-01-03
2026-09-15,leo,static,days_left,,,110
2026-09-15,mobigo,static,state,,,ok
2026-09-15,mobigo,static,age_hours,,,156.7
2026-09-15,mobigo,static,timetable_ends_on,,,2026-12-31
2026-09-15,mobigo,static,days_left,,,107
2026-09-15,moova,static,state,,,ok
2026-09-15,moova,static,age_hours,,,157.0
2026-09-15,moova,static,timetable_ends_on,,,2027-08-31
2026-09-15,moova,static,days_left,,,350
2026-09-15,moova,trip_updates,samples,,,1
2026-09-15,moova,trip_updates,ok,,,1
2026-09-15,moova,trip_updates,header_age_seconds,,,7
2026-09-15,moova,trip_updates,entities,,,23
2026-09-15,moova,trip_updates,no_trip_id,,,0
2026-09-15,moova,trip_updates,trip_join,22,23,
2026-09-15,moova,trip_updates,stop_updates_timed,438,438,
2026-09-15,moova,trip_updates,cancelled,0,23,
2026-09-15,optymo,static,state,,,ok
2026-09-15,optymo,static,age_hours,,,156.7
2026-09-15,optymo,static,timetable_ends_on,,,2026-12-31
2026-09-15,optymo,static,days_left,,,107
2026-09-15,taneo,static,state,,,ok
2026-09-15,taneo,static,age_hours,,,156.7
2026-09-15,taneo,static,timetable_ends_on,,,2026-12-31
2026-09-15,taneo,static,days_left,,,107
2026-09-15,evolity,static,state,,,ok
2026-09-15,evolity,static,age_hours,,,156.9
2026-09-15,evolity,static,timetable_ends_on,,,2027-06-11
2026-09-15,evolity,static,days_left,,,269
2026-09-15,belleile,static,state,,,ok
2026-09-15,belleile,static,age_hours,,,156.8
2026-09-15,belleile,static,timetable_ends_on,,,2026-11-01
2026-09-15,belleile,static,days_left,,,47
2026-09-15,bibus,static,state,,,ok
2026-09-15,bibus,static,age_hours,,,105.9
2026-09-15,bibus,static,timetable_ends_on,,,2026-12-20
2026-09-15,bibus,static,days_left,,,96
2026-09-15,bibus,trip_updates,samples,,,1
2026-09-15,bibus,trip_updates,ok,,,1
2026-09-15,bibus,trip_updates,header_age_seconds,,,61
2026-09-15,bibus,trip_updates,entities,,,1363
2026-09-15,bibus,trip_updates,no_trip_id,,,0
2026-09-15,bibus,trip_updates,trip_join,1332,1363,
2026-09-15,bibus,trip_updates,stop_updates_timed,34695,34695,
2026-09-15,bibus,trip_updates,cancelled,0,1363,
2026-09-15,bibus,vehicle_positions,samples,,,1
2026-09-15,bibus,vehicle_positions,ok,,,1
2026-09-15,bibus,vehicle_positions,header_age_seconds,,,56
2026-09-15,bibus,vehicle_positions,entities,,,123
2026-09-15,bibus,vehicle_positions,with_position,123,123,
2026-09-15,bibus,vehicle_positions,with_trip_id,123,123,
2026-09-15,bibus,vehicle_positions,with_route_id,123,123,
2026-09-15,bibus,vehicle_positions,trip_join,123,123,
2026-09-15,bibus,alerts,samples,,,1
2026-09-15,bibus,alerts,ok,,,1
2026-09-15,bibus,alerts,header_age_seconds,,,4
2026-09-15,bibus,alerts,entities,,,34
2026-09-15,bibus,alerts,informed_resolved,43,43,
2026-09-15,breizhgo-car35,static,state,,,ok
2026-09-15,breizhgo-car35,static,age_hours,,,17.9
2026-09-15,breizhgo-car35,static,timetable_ends_on,,,2027-07-02
2026-09-15,breizhgo-car35,static,days_left,,,290
2026-09-15,breizhgo-car35,trip_updates,samples,,,1
2026-09-15,breizhgo-car35,trip_updates,ok,,,1
2026-09-15,breizhgo-car35,trip_updates,header_age_seconds,,,237
2026-09-15,breizhgo-car35,trip_updates,entities,,,3
2026-09-15,breizhgo-car35,trip_updates,no_trip_id,,,0
2026-09-15,breizhgo-car35,trip_updates,trip_join,3,3,
2026-09-15,breizhgo-car35,trip_updates,stop_updates_timed,11,11,
2026-09-15,breizhgo-car35,trip_updates,cancelled,0,3,
2026-09-15,glazgo,static,state,,,ok
2026-09-15,glazgo,static,age_hours,,,156.8
2026-09-15,glazgo,static,timetable_ends_on,,,2027-07-02
2026-09-15,glazgo,static,days_left,,,290
2026-09-15,glazgo,trip_updates,samples,,,1
2026-09-15,glazgo,trip_updates,ok,,,1
2026-09-15,glazgo,trip_updates,header_age_seconds,,,9
2026-09-15,glazgo,trip_updates,entities,,,66
2026-09-15,glazgo,trip_updates,no_trip_id,,,0
2026-09-15,glazgo,trip_updates,trip_join,4,4,
2026-09-15,glazgo,trip_updates,stop_updates_timed,98,98,
2026-09-15,glazgo,trip_updates,cancelled,0,4,
2026-09-15,glazgo,vehicle_positions,samples,,,1
2026-09-15,glazgo,vehicle_positions,ok,,,1
2026-09-15,glazgo,vehicle_positions,header_age_seconds,,,9
2026-09-15,glazgo,vehicle_positions,entities,,,66
2026-09-15,glazgo,vehicle_positions,with_position,4,4,
2026-09-15,glazgo,vehicle_positions,with_trip_id,4,4,
2026-09-15,glazgo,vehicle_positions,with_route_id,4,4,
2026-09-15,glazgo,vehicle_positions,trip_join,4,4,
2026-09-15,glazgo,alerts,samples,,,1
2026-09-15,glazgo,alerts,ok,,,1
2026-09-15,glazgo,alerts,header_age_seconds,,,9
2026-09-15,glazgo,alerts,entities,,,66
2026-09-15,glazgo,alerts,informed_resolved,4,4,
2026-09-15,izilo,static,state,,,ok
2026-09-15,izilo,static,age_hours,,,157.0
2026-09-15,izilo,static,timetable_ends_on,,,2026-10-18
2026-09-15,izilo,static,days_left,,,33
2026-09-15,izilo,trip_updates,samples,,,1
2026-09-15,izilo,trip_updates,ok,,,1
2026-09-15,izilo,trip_updates,header_age_seconds,,,3
2026-09-15,izilo,trip_updates,entities,,,152
2026-09-15,izilo,trip_updates,no_trip_id,,,0
2026-09-15,izilo,trip_updates,trip_join,151,152,
2026-09-15,izilo,trip_updates,stop_updates_timed,1671,1719,
2026-09-15,izilo,trip_updates,cancelled,0,152,
2026-09-15,izilo,alerts,samples,,,1
2026-09-15,izilo,alerts,ok,,,1
2026-09-15,izilo,alerts,header_age_seconds,,,9
2026-09-15,izilo,alerts,entities,,,22
2026-09-15,izilo,alerts,informed_resolved,34,35,
2026-09-15,kiceo,static,state,,,ok
2026-09-15,kiceo,static,age_hours,,,122.9
2026-09-15,kiceo,static,timetable_ends_on,,,2027-07-02
2026-09-15,kiceo,static,days_left,,,290
2026-09-15,kiceo,trip_updates,samples,,,1
2026-09-15,kiceo,trip_updates,ok,,,1
2026-09-15,kiceo,trip_updates,header_age_seconds,,,17
2026-09-15,kiceo,trip_updates,entities,,,0
2026-09-15,kiceo,trip_updates,no_trip_id,,,0
2026-09-15,kiceo,trip_updates,trip_join,0,0,
2026-09-15,kiceo,trip_updates,stop_updates_timed,0,0,
2026-09-15,kiceo,trip_updates,cancelled,0,0,
2026-09-15,kiceo,vehicle_positions,samples,,,1
2026-09-15,kiceo,vehicle_positions,ok,,,1
2026-09-15,kiceo,vehicle_positions,header_age_seconds,,,7
2026-09-15,kiceo,vehicle_positions,entities,,,0
2026-09-15,kiceo,vehicle_positions,with_position,0,0,
2026-09-15,kiceo,vehicle_positions,with_trip_id,0,0,
2026-09-15,kiceo,vehicle_positions,with_route_id,0,0,
2026-09-15,kiceo,vehicle_positions,trip_join,0,0,
2026-09-15,kiceo,alerts,samples,,,1
2026-09-15,kiceo,alerts,ok,,,1
2026-09-15,kiceo,alerts,header_age_seconds,,,17
2026-09-15,kiceo,alerts,entities,,,5
2026-09-15,kiceo,alerts,informed_resolved,143,143,
2026-09-15,mat,static,state,,,ok
2026-09-15,mat,static,age_hours,,,156.8
2026-09-15,mat,static,timetable_ends_on,,,2026-12-31
2026-09-15,mat,static,days_left,,,107
2026-09-15,qub,static,state,,,ok
2026-09-15,qub,static,age_hours,,,156.9
2026-09-15,qub,static,timetable_ends_on,,,2027-01-03
2026-09-15,qub,static,days_left,,,110
2026-09-15,qub,trip_updates,samples,,,1
2026-09-15,qub,trip_updates,ok,,,1
2026-09-15,qub,trip_updates,header_age_seconds,,,0
2026-09-15,qub,trip_updates,entities,,,98
2026-09-15,qub,trip_updates,no_trip_id,,,0
2026-09-15,qub,trip_updates,trip_join,97,98,
2026-09-15,qub,trip_updates,stop_updates_timed,3014,3121,
2026-09-15,qub,trip_updates,cancelled,0,98,
2026-09-15,qub,vehicle_positions,samples,,,1
2026-09-15,qub,vehicle_positions,ok,,,1
2026-09-15,qub,vehicle_positions,header_age_seconds,,,0
2026-09-15,qub,vehicle_positions,entities,,,34
2026-09-15,qub,vehicle_positions,with_position,34,34,
2026-09-15,qub,vehicle_positions,with_trip_id,34,34,
2026-09-15,qub,vehicle_positions,with_route_id,34,34,
2026-09-15,qub,vehicle_positions,trip_join,34,34,
2026-09-15,qub,alerts,samples,,,1
2026-09-15,qub,alerts,ok,,,1
2026-09-15,qub,alerts,header_age_seconds,,,0
2026-09-15,qub,alerts,entities,,,6
2026-09-15,qub,alerts,informed_resolved,11,11,
2026-09-15,riv-ploermel,static,state,,,ok
2026-09-15,riv-ploermel,static,age_hours,,,156.8
2026-09-15,riv-ploermel,static,timetable_ends_on,,,2027-08-31
2026-09-15,riv-ploermel,static,days_left,,,350
2026-09-15,star,static,state,,,ok
2026-09-15,star,static,age_hours,,,17.9
2026-09-15,star,static,timetable_ends_on,,,2026-10-18
2026-09-15,star,static,days_left,,,33
2026-09-15,star,trip_updates,samples,,,1
2026-09-15,star,trip_updates,ok,,,1
2026-09-15,star,trip_updates,header_age_seconds,,,12
2026-09-15,star,trip_updates,entities,,,382
2026-09-15,star,trip_updates,no_trip_id,,,0
2026-09-15,star,trip_updates,trip_join,369,382,
2026-09-15,star,trip_updates,stop_updates_timed,9559,9941,
2026-09-15,star,trip_updates,cancelled,2,382,
2026-09-15,star,vehicle_positions,samples,,,1
2026-09-15,star,vehicle_positions,ok,,,1
2026-09-15,star,vehicle_positions,header_age_seconds,,,1
2026-09-15,star,vehicle_positions,entities,,,154
2026-09-15,star,vehicle_positions,with_position,154,154,
2026-09-15,star,vehicle_positions,with_trip_id,154,154,
2026-09-15,star,vehicle_positions,with_route_id,154,154,
2026-09-15,star,vehicle_positions,trip_join,154,154,
2026-09-15,star,alerts,samples,,,1
2026-09-15,star,alerts,ok,,,1
2026-09-15,star,alerts,header_age_seconds,,,8
2026-09-15,star,alerts,entities,,,46
2026-09-15,star,alerts,informed_resolved,250,250,
2026-09-15,tub,static,state,,,ok
2026-09-15,tub,static,age_hours,,,156.9
2026-09-15,tub,static,timetable_ends_on,,,2026-12-31
2026-09-15,tub,static,days_left,,,107
2026-09-15,agglobus-bourges,static,state,,,ok
2026-09-15,agglobus-bourges,static,age_hours,,,76.0
2026-09-15,agglobus-bourges,static,timetable_ends_on,,,2027-09-11
2026-09-15,agglobus-bourges,static,days_left,,,361
2026-09-15,agglobus-bourges,trip_updates,samples,,,1
2026-09-15,agglobus-bourges,trip_updates,ok,,,1
2026-09-15,agglobus-bourges,trip_updates,header_age_seconds,,,8
2026-09-15,agglobus-bourges,trip_updates,entities,,,67
2026-09-15,agglobus-bourges,trip_updates,no_trip_id,,,0
2026-09-15,agglobus-bourges,trip_updates,trip_join,67,67,
2026-09-15,agglobus-bourges,trip_updates,stop_updates_timed,2255,2255,
2026-09-15,agglobus-bourges,trip_updates,cancelled,0,67,
2026-09-15,agglobus-bourges,alerts,samples,,,1
2026-09-15,agglobus-bourges,alerts,ok,,,1
2026-09-15,agglobus-bourges,alerts,header_age_seconds,,,3
2026-09-15,agglobus-bourges,alerts,entities,,,9
2026-09-15,agglobus-bourges,alerts,informed_resolved,33,33,
2026-09-15,azalys,static,state,,,ok
2026-09-15,azalys,static,age_hours,,,2.0
2026-09-15,azalys,static,timetable_ends_on,,,2026-10-18
2026-09-15,azalys,static,days_left,,,33
2026-09-15,azalys,trip_updates,samples,,,1
2026-09-15,azalys,trip_updates,ok,,,1
2026-09-15,azalys,trip_updates,header_age_seconds,,,32
2026-09-15,azalys,trip_updates,entities,,,34
2026-09-15,azalys,trip_updates,no_trip_id,,,0
2026-09-15,azalys,trip_updates,trip_join,34,34,
2026-09-15,azalys,trip_updates,stop_updates_timed,856,856,
2026-09-15,azalys,trip_updates,cancelled,0,34,
2026-09-15,azalys,vehicle_positions,samples,,,1
2026-09-15,azalys,vehicle_positions,ok,,,1
2026-09-15,azalys,vehicle_positions,header_age_seconds,,,26
2026-09-15,azalys,vehicle_positions,entities,,,16
2026-09-15,azalys,vehicle_positions,with_position,16,16,
2026-09-15,azalys,vehicle_positions,with_trip_id,16,16,
2026-09-15,azalys,vehicle_positions,with_route_id,16,16,
2026-09-15,azalys,vehicle_positions,trip_join,16,16,
2026-09-15,filbleu,static,state,,,ok
2026-09-15,filbleu,static,age_hours,,,88.0
2026-09-15,filbleu,static,timetable_ends_on,,,2027-01-01
2026-09-15,filbleu,static,days_left,,,108
2026-09-15,filbleu,vehicle_positions,samples,,,1
2026-09-15,filbleu,vehicle_positions,ok,,,1
2026-09-15,filbleu,vehicle_positions,header_age_seconds,,,36
2026-09-15,filbleu,vehicle_positions,entities,,,109
2026-09-15,filbleu,vehicle_positions,with_position,109,109,
2026-09-15,filbleu,vehicle_positions,with_trip_id,109,109,
2026-09-15,filbleu,vehicle_positions,with_route_id,0,109,
2026-09-15,filbleu,vehicle_positions,trip_join,109,109,
2026-09-15,filibus,static,state,,,ok
2026-09-15,filibus,static,age_hours,,,156.6
2026-09-15,filibus,static,timetable_ends_on,,,2027-07-02
2026-09-15,filibus,static,days_left,,,290
2026-09-15,filibus,trip_updates,samples,,,1
2026-09-15,filibus,trip_updates,ok,,,1
2026-09-15,filibus,trip_updates,header_age_seconds,,,0
2026-09-15,filibus,trip_updates,entities,,,85
2026-09-15,filibus,trip_updates,no_trip_id,,,0
2026-09-15,filibus,trip_updates,trip_join,46,46,
2026-09-15,filibus,trip_updates,stop_updates_timed,46,46,
2026-09-15,filibus,trip_updates,cancelled,0,46,
2026-09-15,filibus,vehicle_positions,samples,,,1
2026-09-15,filibus,vehicle_positions,ok,,,1
2026-09-15,filibus,vehicle_positions,header_age_seconds,,,0
2026-09-15,filibus,vehicle_positions,entities,,,85
2026-09-15,filibus,vehicle_positions,with_position,39,39,
2026-09-15,filibus,vehicle_positions,with_trip_id,39,39,
2026-09-15,filibus,vehicle_positions,with_route_id,39,39,
2026-09-15,filibus,vehicle_positions,trip_join,39,39,
2026-09-15,horizon,static,state,,,ok
2026-09-15,horizon,static,age_hours,,,156.8
2026-09-15,horizon,static,timetable_ends_on,,,2027-08-31
2026-09-15,horizon,static,days_left,,,350
2026-09-15,levib,static,state,,,ok
2026-09-15,levib,static,age_hours,,,156.7
2026-09-15,levib,static,timetable_ends_on,,,2027-07-31
2026-09-15,levib,static,days_left,,,319
2026-09-15,levib,trip_updates,samples,,,1
2026-09-15,levib,trip_updates,ok,,,1
2026-09-15,levib,trip_updates,header_age_seconds,,,11
2026-09-15,levib,trip_updates,entities,,,0
2026-09-15,levib,trip_updates,no_trip_id,,,0
2026-09-15,levib,trip_updates,trip_join,0,0,
2026-09-15,levib,trip_updates,stop_updates_timed,0,0,
2026-09-15,levib,trip_updates,cancelled,0,0,
2026-09-15,levib,vehicle_positions,samples,,,1
2026-09-15,levib,vehicle_positions,ok,,,1
2026-09-15,levib,vehicle_positions,header_age_seconds,,,11
2026-09-15,levib,vehicle_positions,entities,,,0
2026-09-15,levib,vehicle_positions,with_position,0,0,
2026-09-15,levib,vehicle_positions,with_trip_id,0,0,
2026-09-15,levib,vehicle_positions,with_route_id,0,0,
2026-09-15,levib,vehicle_positions,trip_join,0,0,
2026-09-15,levib,alerts,samples,,,1
2026-09-15,levib,alerts,ok,,,1
2026-09-15,levib,alerts,header_age_seconds,,,12
2026-09-15,levib,alerts,entities,,,4
2026-09-15,levib,alerts,informed_resolved,66,66,
2026-09-15,remi,static,state,,,ok
2026-09-15,remi,static,age_hours,,,11.9
2026-09-15,remi,static,timetable_ends_on,,,2027-08-31
2026-09-15,remi,static,days_left,,,350
2026-09-15,remi,trip_updates,samples,,,1
2026-09-15,remi,trip_updates,ok,,,1
2026-09-15,remi,trip_updates,header_age_seconds,,,5
2026-09-15,remi,trip_updates,entities,,,34
2026-09-15,remi,trip_updates,no_trip_id,,,0
2026-09-15,remi,trip_updates,trip_join,20,20,
2026-09-15,remi,trip_updates,stop_updates_timed,471,475,
2026-09-15,remi,trip_updates,cancelled,0,20,
2026-09-15,remi,vehicle_positions,samples,,,1
2026-09-15,remi,vehicle_positions,ok,,,1
2026-09-15,remi,vehicle_positions,header_age_seconds,,,6
2026-09-15,remi,vehicle_positions,entities,,,17
2026-09-15,remi,vehicle_positions,with_position,17,17,
2026-09-15,remi,vehicle_positions,with_trip_id,17,17,
2026-09-15,remi,vehicle_positions,with_route_id,17,17,
2026-09-15,remi,vehicle_positions,trip_join,17,17,
2026-09-15,remi,alerts,samples,,,1
2026-09-15,remi,alerts,ok,,,1
2026-09-15,remi,alerts,header_age_seconds,,,2
2026-09-15,remi,alerts,entities,,,10
2026-09-15,remi,alerts,informed_resolved,0,16,
2026-09-15,tao,static,state,,,ok
2026-09-15,tao,static,age_hours,,,4.9
2026-09-15,tao,static,timetable_ends_on,,,2027-01-03
2026-09-15,tao,static,days_left,,,110
2026-09-15,tao,trip_updates,samples,,,1
2026-09-15,tao,trip_updates,ok,,,1
2026-09-15,tao,trip_updates,header_age_seconds,,,55
2026-09-15,tao,trip_updates,entities,,,1640
2026-09-15,tao,trip_updates,no_trip_id,,,0
2026-09-15,tao,trip_updates,trip_join,1640,1640,
2026-09-15,tao,trip_updates,stop_updates_timed,48544,48544,
2026-09-15,tao,trip_updates,cancelled,0,1640,
2026-09-15,muvistrada,static,state,,,ok
2026-09-15,muvistrada,static,age_hours,,,156.8
2026-09-15,muvistrada,static,timetable_ends_on,,,2026-12-31
2026-09-15,muvistrada,static,days_left,,,107
2026-09-15,via-strada,static,state,,,ok
2026-09-15,via-strada,static,age_hours,,,156.9
2026-09-15,via-strada,static,timetable_ends_on,,,2030-12-31
2026-09-15,via-strada,static,days_left,,,1568
2026-09-15,via-strada,trip_updates,samples,,,1
2026-09-15,via-strada,trip_updates,ok,,,1
2026-09-15,via-strada,trip_updates,header_age_seconds,,,14
2026-09-15,via-strada,trip_updates,entities,,,6
2026-09-15,via-strada,trip_updates,no_trip_id,,,0
2026-09-15,via-strada,trip_updates,trip_join,4,6,
2026-09-15,via-strada,trip_updates,stop_updates_timed,78,82,
2026-09-15,via-strada,trip_updates,cancelled,0,6,
2026-09-15,sncf,static,state,,,ok
2026-09-15,sncf,static,age_hours,,,22.0
2026-09-15,sncf,static,timetable_ends_on,,,
2026-09-15,sncf,static,days_left,,,
2026-09-15,sncf,trip_updates,samples,,,1
2026-09-15,sncf,trip_updates,ok,,,1
2026-09-15,sncf,trip_updates,header_age_seconds,,,54
2026-09-15,sncf,trip_updates,entities,,,1137
2026-09-15,sncf,trip_updates,no_trip_id,,,0
2026-09-15,sncf,trip_updates,trip_join,965,1137,
2026-09-15,sncf,trip_updates,stop_updates_timed,9599,9599,
2026-09-15,sncf,trip_updates,cancelled,10,1137,
2026-09-15,sncf,alerts,samples,,,1
2026-09-15,sncf,alerts,ok,,,1
2026-09-15,sncf,alerts,header_age_seconds,,,71
2026-09-15,sncf,alerts,entities,,,477
2026-09-15,sncf,alerts,informed_resolved,489,489,
2026-09-15,cts,static,state,,,ok
2026-09-15,cts,static,age_hours,,,110.0
2026-09-15,cts,static,timetable_ends_on,,,2027-03-09
2026-09-15,cts,static,days_left,,,175
2026-09-15,fluo,static,state,,,ok
2026-09-15,fluo,static,age_hours,,,8.0
2026-09-15,fluo,static,timetable_ends_on,,,2027-08-29
2026-09-15,fluo,static,days_left,,,348
2026-09-15,reims,static,state,,,ok
2026-09-15,reims,static,age_hours,,,61.9
2026-09-15,reims,static,timetable_ends_on,,,2026-11-01
2026-09-15,reims,static,days_left,,,47
2026-09-15,reims,trip_updates,samples,,,1
2026-09-15,reims,trip_updates,ok,,,1
2026-09-15,reims,trip_updates,header_age_seconds,,,41
2026-09-15,reims,trip_updates,entities,,,303
2026-09-15,reims,trip_updates,no_trip_id,,,0
2026-09-15,reims,trip_updates,trip_join,303,303,
2026-09-15,reims,trip_updates,stop_updates_timed,5915,5915,
2026-09-15,reims,trip_updates,cancelled,0,303,
2026-09-15,imagine,static,state,,,ok
2026-09-15,imagine,static,age_hours,,,156.9
2026-09-15,imagine,static,timetable_ends_on,,,2027-12-31
2026-09-15,imagine,static,days_left,,,472
2026-09-15,imagine,trip_updates,samples,,,1
2026-09-15,imagine,trip_updates,ok,,,1
2026-09-15,imagine,trip_updates,header_age_seconds,,,44
2026-09-15,imagine,trip_updates,entities,,,74
2026-09-15,imagine,trip_updates,no_trip_id,,,0
2026-09-15,imagine,trip_updates,trip_join,74,74,
2026-09-15,imagine,trip_updates,stop_updates_timed,1551,1551,
2026-09-15,imagine,trip_updates,cancelled,0,74,
2026-09-15,lemet,static,state,,,ok
2026-09-15,lemet,static,age_hours,,,12.0
2026-09-15,lemet,static,timetable_ends_on,,,2026-10-14
2026-09-15,lemet,static,days_left,,,29
2026-09-15,lemet,trip_updates,samples,,,1
2026-09-15,lemet,trip_updates,ok,,,1
2026-09-15,lemet,trip_updates,header_age_seconds,,,17
2026-09-15,lemet,trip_updates,entities,,,248
2026-09-15,lemet,trip_updates,no_trip_id,,,0
2026-09-15,lemet,trip_updates,trip_join,248,248,
2026-09-15,lemet,trip_updates,stop_updates_timed,3536,3536,
2026-09-15,lemet,trip_updates,cancelled,0,248,
2026-09-15,lemet,vehicle_positions,samples,,,1
2026-09-15,lemet,vehicle_positions,ok,,,1
2026-09-15,lemet,vehicle_positions,header_age_seconds,,,17
2026-09-15,lemet,vehicle_positions,entities,,,108
2026-09-15,lemet,vehicle_positions,with_position,108,108,
2026-09-15,lemet,vehicle_positions,with_trip_id,108,108,
2026-09-15,lemet,vehicle_positions,with_route_id,108,108,
2026-09-15,lemet,vehicle_positions,trip_join,108,108,
2026-09-15,sitac-chalons,static,state,,,ok
2026-09-15,sitac-chalons,static,age_hours,,,6.9
2026-09-15,sitac-chalons,static,timetable_ends_on,,,2026-10-17
2026-09-15,sitac-chalons,static,days_left,,,32
2026-09-15,sitac-chalons,trip_updates,samples,,,1
2026-09-15,sitac-chalons,trip_updates,ok,,,1
2026-09-15,sitac-chalons,trip_updates,header_age_seconds,,,33
2026-09-15,sitac-chalons,trip_updates,entities,,,25
2026-09-15,sitac-chalons,trip_updates,no_trip_id,,,0
2026-09-15,sitac-chalons,trip_updates,trip_join,25,25,
2026-09-15,sitac-chalons,trip_updates,stop_updates_timed,504,504,
2026-09-15,sitac-chalons,trip_updates,cancelled,0,25,
2026-09-15,solea,static,state,,,ok
2026-09-15,solea,static,age_hours,,,157.0
2026-09-15,solea,static,timetable_ends_on,,,2027-06-25
2026-09-15,solea,static,days_left,,,283
2026-09-15,stan,static,state,,,ok
2026-09-15,stan,static,age_hours,,,156.9
2026-09-15,stan,static,timetable_ends_on,,,2026-12-30
2026-09-15,stan,static,days_left,,,106
2026-09-15,stan,trip_updates,samples,,,1
2026-09-15,stan,trip_updates,ok,,,1
2026-09-15,stan,trip_updates,header_age_seconds,,,33
2026-09-15,stan,trip_updates,entities,,,235
2026-09-15,stan,trip_updates,no_trip_id,,,0
2026-09-15,stan,trip_updates,trip_join,235,235,
2026-09-15,stan,trip_updates,stop_updates_timed,6008,6008,
2026-09-15,stan,trip_updates,cancelled,1,235,
2026-09-15,tac-charleville,static,state,,,ok
2026-09-15,tac-charleville,static,age_hours,,,156.9
2026-09-15,tac-charleville,static,timetable_ends_on,,,2027-07-11
2026-09-15,tac-charleville,static,days_left,,,299
2026-09-15,tac-charleville,trip_updates,samples,,,1
2026-09-15,tac-charleville,trip_updates,ok,,,1
2026-09-15,tac-charleville,trip_updates,header_age_seconds,,,29
2026-09-15,tac-charleville,trip_updates,entities,,,69
2026-09-15,tac-charleville,trip_updates,no_trip_id,,,0
2026-09-15,tac-charleville,trip_updates,trip_join,69,69,
2026-09-15,tac-charleville,trip_updates,stop_updates_timed,1657,1657,
2026-09-15,tac-charleville,trip_updates,cancelled,0,69,
2026-09-15,tcat,static,state,,,ok
2026-09-15,tcat,static,age_hours,,,156.9
2026-09-15,tcat,static,timetable_ends_on,,,2026-10-18
2026-09-15,tcat,static,days_left,,,33
2026-09-15,temob,static,state,,,ok
2026-09-15,temob,static,age_hours,,,156.8
2026-09-15,temob,static,timetable_ends_on,,,2027-08-29
2026-09-15,temob,static,days_left,,,348
2026-09-15,temob,trip_updates,samples,,,1
2026-09-15,temob,trip_updates,ok,,,1
2026-09-15,temob,trip_updates,header_age_seconds,,,62
2026-09-15,temob,trip_updates,entities,,,36
2026-09-15,temob,trip_updates,no_trip_id,,,0
2026-09-15,temob,trip_updates,trip_join,36,36,
2026-09-15,temob,trip_updates,stop_updates_timed,908,908,
2026-09-15,temob,trip_updates,cancelled,0,36,
2026-09-15,trace,static,state,,,ok
2026-09-15,trace,static,age_hours,,,120.0
2026-09-15,trace,static,timetable_ends_on,,,2026-11-15
2026-09-15,trace,static,days_left,,,61
2026-09-15,agglobus-cayenne,static,state,,,ok
2026-09-15,agglobus-cayenne,static,age_hours,,,156.9
2026-09-15,agglobus-cayenne,static,timetable_ends_on,,,2026-12-31
2026-09-15,agglobus-cayenne,static,days_left,,,107
2026-09-15,ametis,static,state,,,ok
2026-09-15,ametis,static,age_hours,,,15.0
2026-09-15,ametis,static,timetable_ends_on,,,2026-11-19
2026-09-15,ametis,static,days_left,,,65
2026-09-15,ametis,trip_updates,samples,,,1
2026-09-15,ametis,trip_updates,ok,,,1
2026-09-15,ametis,trip_updates,header_age_seconds,,,10
2026-09-15,ametis,trip_updates,entities,,,83
2026-09-15,ametis,trip_updates,no_trip_id,,,0
2026-09-15,ametis,trip_updates,trip_join,83,83,
2026-09-15,ametis,trip_updates,stop_updates_timed,2916,2916,
2026-09-15,ametis,trip_updates,cancelled,0,83,
2026-09-15,ametis,vehicle_positions,samples,,,1
2026-09-15,ametis,vehicle_positions,ok,,,1
2026-09-15,ametis,vehicle_positions,header_age_seconds,,,10
2026-09-15,ametis,vehicle_positions,entities,,,76
2026-09-15,ametis,vehicle_positions,with_position,76,76,
2026-09-15,ametis,vehicle_positions,with_trip_id,69,76,
2026-09-15,ametis,vehicle_positions,with_route_id,69,76,
2026-09-15,ametis,vehicle_positions,trip_join,69,69,
2026-09-15,artis,static,state,,,ok
2026-09-15,artis,static,age_hours,,,156.9
2026-09-15,artis,static,timetable_ends_on,,,2027-08-29
2026-09-15,artis,static,days_left,,,348
2026-09-15,axo,static,state,,,ok
2026-09-15,axo,static,age_hours,,,17.9
2026-09-15,axo,static,timetable_ends_on,,,2026-12-31
2026-09-15,axo,static,days_left,,,107
2026-09-15,axo,trip_updates,samples,,,1
2026-09-15,axo,trip_updates,ok,,,1
2026-09-15,axo,trip_updates,header_age_seconds,,,0
2026-09-15,axo,trip_updates,entities,,,45
2026-09-15,axo,trip_updates,no_trip_id,,,0
2026-09-15,axo,trip_updates,trip_join,45,45,
2026-09-15,axo,trip_updates,stop_updates_timed,1024,1024,
2026-09-15,axo,trip_updates,cancelled,0,45,
2026-09-15,axo,vehicle_positions,samples,,,1
2026-09-15,axo,vehicle_positions,ok,,,1
2026-09-15,axo,vehicle_positions,header_age_seconds,,,0
2026-09-15,axo,vehicle_positions,entities,,,21
2026-09-15,axo,vehicle_positions,with_position,21,21,
2026-09-15,axo,vehicle_positions,with_trip_id,21,21,
2026-09-15,axo,vehicle_positions,with_route_id,21,21,
2026-09-15,axo,vehicle_positions,trip_join,21,21,
2026-09-15,corolis,static,state,,,ok
2026-09-15,corolis,static,age_hours,,,156.6
2026-09-15,corolis,static,timetable_ends_on,,,2026-12-31
2026-09-15,corolis,static,days_left,,,107
2026-09-15,corolis,trip_updates,samples,,,1
2026-09-15,corolis,trip_updates,ok,,,1
2026-09-15,corolis,trip_updates,header_age_seconds,,,0
2026-09-15,corolis,trip_updates,entities,,,45
2026-09-15,corolis,trip_updates,no_trip_id,,,0
2026-09-15,corolis,trip_updates,trip_join,45,45,
2026-09-15,corolis,trip_updates,stop_updates_timed,816,816,
2026-09-15,corolis,trip_updates,cancelled,0,45,
2026-09-15,corolis,vehicle_positions,samples,,,1
2026-09-15,corolis,vehicle_positions,ok,,,1
2026-09-15,corolis,vehicle_positions,header_age_seconds,,,0
2026-09-15,corolis,vehicle_positions,entities,,,22
2026-09-15,corolis,vehicle_positions,with_position,22,22,
2026-09-15,corolis,vehicle_positions,with_trip_id,22,22,
2026-09-15,corolis,vehicle_positions,with_route_id,22,22,
2026-09-15,corolis,vehicle_positions,trip_join,22,22,
2026-09-15,dkbus,static,state,,,ok
2026-09-15,dkbus,static,age_hours,,,157.0
2026-09-15,dkbus,static,timetable_ends_on,,,2026-12-31
2026-09-15,dkbus,static,days_left,,,107
2026-09-15,dkbus,trip_updates,samples,,,1
2026-09-15,dkbus,trip_updates,ok,,,1
2026-09-15,dkbus,trip_updates,header_age_seconds,,,0
2026-09-15,dkbus,trip_updates,entities,,,401
2026-09-15,dkbus,trip_updates,no_trip_id,,,0
2026-09-15,dkbus,trip_updates,trip_join,311,311,
2026-09-15,dkbus,trip_updates,stop_updates_timed,6877,6877,
2026-09-15,dkbus,trip_updates,cancelled,0,311,
2026-09-15,dkbus,vehicle_positions,samples,,,1
2026-09-15,dkbus,vehicle_positions,ok,,,1
2026-09-15,dkbus,vehicle_positions,header_age_seconds,,,0
2026-09-15,dkbus,vehicle_positions,entities,,,401
2026-09-15,dkbus,vehicle_positions,with_position,90,90,
2026-09-15,dkbus,vehicle_positions,with_trip_id,61,90,
2026-09-15,dkbus,vehicle_positions,with_route_id,90,90,
2026-09-15,dkbus,vehicle_positions,trip_join,61,61,
2026-09-15,ilevia,static,state,,,ok
2026-09-15,ilevia,static,age_hours,,,1.0
2026-09-15,ilevia,static,timetable_ends_on,,,2027-07-02
2026-09-15,ilevia,static,days_left,,,290
2026-09-15,ilevia,trip_updates,samples,,,1
2026-09-15,ilevia,trip_updates,ok,,,1
2026-09-15,ilevia,trip_updates,header_age_seconds,,,8
2026-09-15,ilevia,trip_updates,entities,,,374
2026-09-15,ilevia,trip_updates,no_trip_id,,,0
2026-09-15,ilevia,trip_updates,trip_join,374,374,
2026-09-15,ilevia,trip_updates,stop_updates_timed,3930,3930,
2026-09-15,ilevia,trip_updates,cancelled,0,374,
2026-09-15,marineo,static,state,,,ok
2026-09-15,marineo,static,age_hours,,,157.0
2026-09-15,marineo,static,timetable_ends_on,,,2027-07-03
2026-09-15,marineo,static,days_left,,,291
2026-09-15,marineo,trip_updates,samples,,,1
2026-09-15,marineo,trip_updates,ok,,,1
2026-09-15,marineo,trip_updates,header_age_seconds,,,24
2026-09-15,marineo,trip_updates,entities,,,76
2026-09-15,marineo,trip_updates,no_trip_id,,,0
2026-09-15,marineo,trip_updates,trip_join,76,76,
2026-09-15,marineo,trip_updates,stop_updates_timed,1268,1268,
2026-09-15,marineo,trip_updates,cancelled,0,76,
2026-09-15,marineo,alerts,samples,,,1
2026-09-15,marineo,alerts,ok,,,1
2026-09-15,marineo,alerts,header_age_seconds,,,2
2026-09-15,marineo,alerts,entities,,,11
2026-09-15,marineo,alerts,informed_resolved,24,24,
2026-09-15,sitac-calais,static,state,,,ok
2026-09-15,sitac-calais,static,age_hours,,,156.7
2026-09-15,sitac-calais,static,timetable_ends_on,,,2027-06-27
2026-09-15,sitac-calais,static,days_left,,,285
2026-09-15,sitac-calais,trip_updates,samples,,,1
2026-09-15,sitac-calais,trip_updates,ok,,,1
2026-09-15,sitac-calais,trip_updates,header_age_seconds,,,0
2026-09-15,sitac-calais,trip_updates,entities,,,65
2026-09-15,sitac-calais,trip_updates,no_trip_id,,,0
2026-09-15,sitac-calais,trip_updates,trip_join,33,33,
2026-09-15,sitac-calais,trip_updates,stop_updates_timed,641,641,
2026-09-15,sitac-calais,trip_updates,cancelled,0,33,
2026-09-15,sitac-calais,vehicle_positions,samples,,,1
2026-09-15,sitac-calais,vehicle_positions,ok,,,1
2026-09-15,sitac-calais,vehicle_positions,header_age_seconds,,,0
2026-09-15,sitac-calais,vehicle_positions,entities,,,65
2026-09-15,sitac-calais,vehicle_positions,with_position,31,31,
2026-09-15,sitac-calais,vehicle_positions,with_trip_id,31,31,
2026-09-15,sitac-calais,vehicle_positions,with_route_id,31,31,
2026-09-15,sitac-calais,vehicle_positions,trip_join,31,31,
2026-09-15,sitac-calais,alerts,samples,,,1
2026-09-15,sitac-calais,alerts,ok,,,1
2026-09-15,sitac-calais,alerts,header_age_seconds,,,0
2026-09-15,sitac-calais,alerts,entities,,,65
2026-09-15,sitac-calais,alerts,informed_resolved,0,0,
2026-09-15,tadao,static,state,,,ok
2026-09-15,tadao,static,age_hours,,,21.9
2026-09-15,tadao,static,timetable_ends_on,,,2027-01-03
2026-09-15,tadao,static,days_left,,,110
2026-09-15,tadao,trip_updates,samples,,,1
2026-09-15,tadao,trip_updates,ok,,,1
2026-09-15,tadao,trip_updates,header_age_seconds,,,45
2026-09-15,tadao,trip_updates,entities,,,178
2026-09-15,tadao,trip_updates,no_trip_id,,,0
2026-09-15,tadao,trip_updates,trip_join,174,174,
2026-09-15,tadao,trip_updates,stop_updates_timed,768,768,
2026-09-15,tadao,trip_updates,cancelled,0,174,
2026-09-15,tic,static,state,,,ok
2026-09-15,tic,static,age_hours,,,157.0
2026-09-15,tic,static,timetable_ends_on,,,2026-11-11
2026-09-15,tic,static,days_left,,,57
2026-09-15,tic,trip_updates,samples,,,1
2026-09-15,tic,trip_updates,ok,,,1
2026-09-15,tic,trip_updates,header_age_seconds,,,0
2026-09-15,tic,trip_updates,entities,,,35
2026-09-15,tic,trip_updates,no_trip_id,,,0
2026-09-15,tic,trip_updates,trip_join,35,35,
2026-09-15,tic,trip_updates,stop_updates_timed,562,562,
2026-09-15,tic,trip_updates,cancelled,0,35,
2026-09-15,tic,vehicle_positions,samples,,,1
2026-09-15,tic,vehicle_positions,ok,,,1
2026-09-15,tic,vehicle_positions,header_age_seconds,,,0
2026-09-15,tic,vehicle_positions,entities,,,14
2026-09-15,tic,vehicle_positions,with_position,14,14,
2026-09-15,tic,vehicle_positions,with_trip_id,14,14,
2026-09-15,tic,vehicle_positions,with_route_id,14,14,
2026-09-15,tic,vehicle_positions,trip_join,14,14,
2026-09-15,transvilles,static,state,,,ok
2026-09-15,transvilles,static,age_hours,,,156.9
2026-09-15,transvilles,static,timetable_ends_on,,,2026-12-31
2026-09-15,transvilles,static,days_left,,,107
2026-09-15,transvilles,trip_updates,samples,,,1
2026-09-15,transvilles,trip_updates,ok,,,1
2026-09-15,transvilles,trip_updates,header_age_seconds,,,12
2026-09-15,transvilles,trip_updates,entities,,,201
2026-09-15,transvilles,trip_updates,no_trip_id,,,0
2026-09-15,transvilles,trip_updates,trip_join,0,104,
2026-09-15,transvilles,trip_updates,stop_updates_timed,1218,1218,
2026-09-15,transvilles,trip_updates,cancelled,0,104,
2026-09-15,transvilles,vehicle_positions,samples,,,1
2026-09-15,transvilles,vehicle_positions,ok,,,1
2026-09-15,transvilles,vehicle_positions,header_age_seconds,,,12
2026-09-15,transvilles,vehicle_positions,entities,,,201
2026-09-15,transvilles,vehicle_positions,with_position,97,97,
2026-09-15,transvilles,vehicle_positions,with_trip_id,97,97,
2026-09-15,transvilles,vehicle_positions,with_route_id,97,97,
2026-09-15,transvilles,vehicle_positions,trip_join,0,97,
2026-09-15,tuc,static,state,,,ok
2026-09-15,tuc,static,age_hours,,,157.0
2026-09-15,tuc,static,timetable_ends_on,,,2027-08-31
2026-09-15,tuc,static,days_left,,,350
2026-09-15,eveole,static,state,,,ok
2026-09-15,eveole,static,age_hours,,,156.9
2026-09-15,eveole,static,timetable_ends_on,,,2027-01-03
2026-09-15,eveole,static,days_left,,,110
2026-09-15,alterneo,static,state,,,ok
2026-09-15,alterneo,static,age_hours,,,156.7
2026-09-15,alterneo,static,timetable_ends_on,,,2027-02-28
2026-09-15,alterneo,static,days_left,,,166
2026-09-15,alterneo,trip_updates,samples,,,1
2026-09-15,alterneo,trip_updates,ok,,,1
2026-09-15,alterneo,trip_updates,header_age_seconds,,,12
2026-09-15,alterneo,trip_updates,entities,,,106
2026-09-15,alterneo,trip_updates,no_trip_id,,,0
2026-09-15,alterneo,trip_updates,trip_join,106,106,
2026-09-15,alterneo,trip_updates,stop_updates_timed,2337,2337,
2026-09-15,alterneo,trip_updates,cancelled,1,106,
2026-09-15,alterneo,vehicle_positions,samples,,,1
2026-09-15,alterneo,vehicle_positions,ok,,,1
2026-09-15,alterneo,vehicle_positions,header_age_seconds,,,12
2026-09-15,alterneo,vehicle_positions,entities,,,55
2026-09-15,alterneo,vehicle_positions,with_position,55,55,
2026-09-15,alterneo,vehicle_positions,with_trip_id,55,55,
2026-09-15,alterneo,vehicle_positions,with_route_id,55,55,
2026-09-15,alterneo,vehicle_positions,trip_join,55,55,
2026-09-15,alterneo,alerts,samples,,,1
2026-09-15,alterneo,alerts,ok,,,1
2026-09-15,alterneo,alerts,header_age_seconds,,,12
2026-09-15,alterneo,alerts,entities,,,0
2026-09-15,alterneo,alerts,informed_resolved,0,0,
2026-09-15,carjaune,static,state,,,ok
2026-09-15,carjaune,static,age_hours,,,11.0
2026-09-15,carjaune,static,timetable_ends_on,,,2027-08-02
2026-09-15,carjaune,static,days_left,,,321
2026-09-15,carjaune,trip_updates,samples,,,1
2026-09-15,carjaune,trip_updates,ok,,,1
2026-09-15,carjaune,trip_updates,header_age_seconds,,,9
2026-09-15,carjaune,trip_updates,entities,,,189
2026-09-15,carjaune,trip_updates,no_trip_id,,,0
2026-09-15,carjaune,trip_updates,trip_join,63,63,
2026-09-15,carjaune,trip_updates,stop_updates_timed,1068,1070,
2026-09-15,carjaune,trip_updates,cancelled,0,63,
2026-09-15,carjaune,vehicle_positions,samples,,,1
2026-09-15,carjaune,vehicle_positions,ok,,,1
2026-09-15,carjaune,vehicle_positions,header_age_seconds,,,10
2026-09-15,carjaune,vehicle_positions,entities,,,189
2026-09-15,carjaune,vehicle_positions,with_position,63,63,
2026-09-15,carjaune,vehicle_positions,with_trip_id,63,63,
2026-09-15,carjaune,vehicle_positions,with_route_id,63,63,
2026-09-15,carjaune,vehicle_positions,trip_join,63,63,
2026-09-15,carjaune,alerts,samples,,,1
2026-09-15,carjaune,alerts,ok,,,1
2026-09-15,carjaune,alerts,header_age_seconds,,,10
2026-09-15,carjaune,alerts,entities,,,189
2026-09-15,carjaune,alerts,informed_resolved,2,2,
2026-09-15,carsud,static,state,,,ok
2026-09-15,carsud,static,age_hours,,,157.0
2026-09-15,carsud,static,timetable_ends_on,,,2027-08-31
2026-09-15,carsud,static,days_left,,,350
2026-09-15,carsud,trip_updates,samples,,,1
2026-09-15,carsud,trip_updates,ok,,,1
2026-09-15,carsud,trip_updates,header_age_seconds,,,0
2026-09-15,carsud,trip_updates,entities,,,74
2026-09-15,carsud,trip_updates,no_trip_id,,,0
2026-09-15,carsud,trip_updates,trip_join,39,39,
2026-09-15,carsud,trip_updates,stop_updates_timed,980,986,
2026-09-15,carsud,trip_updates,cancelled,0,39,
2026-09-15,carsud,vehicle_positions,samples,,,1
2026-09-15,carsud,vehicle_positions,ok,,,1
2026-09-15,carsud,vehicle_positions,header_age_seconds,,,0
2026-09-15,carsud,vehicle_positions,entities,,,74
2026-09-15,carsud,vehicle_positions,with_position,35,35,
2026-09-15,carsud,vehicle_positions,with_trip_id,35,35,
2026-09-15,carsud,vehicle_positions,with_route_id,35,35,
2026-09-15,carsud,vehicle_positions,trip_join,35,35,
2026-09-15,citalis,static,state,,,ok
2026-09-15,citalis,static,age_hours,,,156.9
2026-09-15,citalis,static,timetable_ends_on,,,2026-12-31
2026-09-15,citalis,static,days_left,,,107
2026-09-15,estival,static,state,,,ok
2026-09-15,estival,static,age_hours,,,156.9
2026-09-15,estival,static,timetable_ends_on,,,2026-12-31
2026-09-15,estival,static,days_left,,,107
2026-09-15,karouest,static,state,,,ok
2026-09-15,karouest,static,age_hours,,,156.9
2026-09-15,karouest,static,timetable_ends_on,,,2026-12-31
2026-09-15,karouest,static,days_left,,,107
2026-09-15,cacem,static,state,,,ok
2026-09-15,cacem,static,age_hours,,,156.7
2026-09-15,cacem,static,timetable_ends_on,,,2026-12-31
2026-09-15,cacem,static,days_left,,,107
2026-09-15,cacem,trip_updates,samples,,,0
2026-09-15,cacem,trip_updates,ok,,,0
2026-09-15,cacem,trip_updates,header_age_seconds,,,
2026-09-15,cacem,trip_updates,entities,,,
2026-09-15,cacem,trip_updates,no_trip_id,,,0
2026-09-15,cacem,trip_updates,trip_join,,,
2026-09-15,cacem,trip_updates,stop_updates_timed,,,
2026-09-15,cacem,trip_updates,cancelled,,,
2026-09-15,sudlib,static,state,,,ok
2026-09-15,sudlib,static,age_hours,,,156.9
2026-09-15,sudlib,static,timetable_ends_on,,,2026-12-31
2026-09-15,sudlib,static,days_left,,,107
2026-09-15,cam,static,state,,,ok
2026-09-15,cam,static,age_hours,,,8.0
2026-09-15,cam,static,timetable_ends_on,,,2026-10-21
2026-09-15,cam,static,days_left,,,36
2026-09-15,altobus,static,state,,,ok
2026-09-15,altobus,static,age_hours,,,15.0
2026-09-15,altobus,static,timetable_ends_on,,,2026-12-31
2026-09-15,altobus,static,days_left,,,107
2026-09-15,altobus,trip_updates,samples,,,1
2026-09-15,altobus,trip_updates,ok,,,1
2026-09-15,altobus,trip_updates,header_age_seconds,,,0
2026-09-15,altobus,trip_updates,entities,,,372
2026-09-15,altobus,trip_updates,no_trip_id,,,0
2026-09-15,altobus,trip_updates,trip_join,12,372,
2026-09-15,altobus,trip_updates,stop_updates_timed,7417,7418,
2026-09-15,altobus,trip_updates,cancelled,0,372,
2026-09-15,astuce,static,state,,,ok
2026-09-15,astuce,static,age_hours,,,34.0
2026-09-15,astuce,static,timetable_ends_on,,,2027-08-29
2026-09-15,astuce,static,days_left,,,348
2026-09-15,astuce,trip_updates,samples,,,1
2026-09-15,astuce,trip_updates,ok,,,1
2026-09-15,astuce,trip_updates,header_age_seconds,,,9
2026-09-15,astuce,trip_updates,entities,,,0
2026-09-15,astuce,trip_updates,no_trip_id,,,0
2026-09-15,astuce,trip_updates,trip_join,0,0,
2026-09-15,astuce,trip_updates,stop_updates_timed,0,0,
2026-09-15,astuce,trip_updates,cancelled,0,0,
2026-09-15,astuce,vehicle_positions,samples,,,1
2026-09-15,astuce,vehicle_positions,ok,,,0
2026-09-15,astuce,vehicle_positions,header_age_seconds,,,
2026-09-15,astuce,vehicle_positions,entities,,,
2026-09-15,astuce,vehicle_positions,with_position,,,
2026-09-15,astuce,vehicle_positions,with_trip_id,,,
2026-09-15,astuce,vehicle_positions,with_route_id,,,
2026-09-15,astuce,vehicle_positions,trip_join,,,
2026-09-15,bybus,static,state,,,ok
2026-09-15,bybus,static,age_hours,,,15.0
2026-09-15,bybus,static,timetable_ends_on,,,2027-03-31
2026-09-15,bybus,static,days_left,,,197
2026-09-15,capcotentin,static,state,,,ok
2026-09-15,capcotentin,static,age_hours,,,157.0
2026-09-15,capcotentin,static,timetable_ends_on,,,2027-06-27
2026-09-15,capcotentin,static,days_left,,,285
2026-09-15,capcotentin,trip_updates,samples,,,1
2026-09-15,capcotentin,trip_updates,ok,,,1
2026-09-15,capcotentin,trip_updates,header_age_seconds,,,3
2026-09-15,capcotentin,trip_updates,entities,,,98
2026-09-15,capcotentin,trip_updates,no_trip_id,,,0
2026-09-15,capcotentin,trip_updates,trip_join,45,49,
2026-09-15,capcotentin,trip_updates,stop_updates_timed,1339,1395,
2026-09-15,capcotentin,trip_updates,cancelled,0,49,
2026-09-15,capcotentin,vehicle_positions,samples,,,1
2026-09-15,capcotentin,vehicle_positions,ok,,,1
2026-09-15,capcotentin,vehicle_positions,header_age_seconds,,,3
2026-09-15,capcotentin,vehicle_positions,entities,,,98
2026-09-15,capcotentin,vehicle_positions,with_position,49,49,
2026-09-15,capcotentin,vehicle_positions,with_trip_id,49,49,
2026-09-15,capcotentin,vehicle_positions,with_route_id,49,49,
2026-09-15,capcotentin,vehicle_positions,trip_join,45,49,
2026-09-15,deepmob,static,state,,,ok
2026-09-15,deepmob,static,age_hours,,,156.7
2026-09-15,deepmob,static,timetable_ends_on,,,2027-05-31
2026-09-15,deepmob,static,days_left,,,258
2026-09-15,deepmob,trip_updates,samples,,,1
2026-09-15,deepmob,trip_updates,ok,,,1
2026-09-15,deepmob,trip_updates,header_age_seconds,,,79
2026-09-15,deepmob,trip_updates,entities,,,29
2026-09-15,deepmob,trip_updates,no_trip_id,,,0
2026-09-15,deepmob,trip_updates,trip_join,29,29,
2026-09-15,deepmob,trip_updates,stop_updates_timed,763,763,
2026-09-15,deepmob,trip_updates,cancelled,0,29,
2026-09-15,deepmob,vehicle_positions,samples,,,1
2026-09-15,deepmob,vehicle_positions,ok,,,1
2026-09-15,deepmob,vehicle_positions,header_age_seconds,,,0
2026-09-15,deepmob,vehicle_positions,entities,,,9
2026-09-15,deepmob,vehicle_positions,with_position,9,9,
2026-09-15,deepmob,vehicle_positions,with_trip_id,9,9,
2026-09-15,deepmob,vehicle_positions,with_route_id,9,9,
2026-09-15,deepmob,vehicle_positions,trip_join,9,9,
2026-09-15,lia,static,state,,,ok
2026-09-15,lia,static,age_hours,,,4.9
2026-09-15,lia,static,timetable_ends_on,,,2026-10-31
2026-09-15,lia,static,days_left,,,46
2026-09-15,lia,trip_updates,samples,,,1
2026-09-15,lia,trip_updates,ok,,,1
2026-09-15,lia,trip_updates,header_age_seconds,,,60
2026-09-15,lia,trip_updates,entities,,,332
2026-09-15,lia,trip_updates,no_trip_id,,,0
2026-09-15,lia,trip_updates,trip_join,332,332,
2026-09-15,lia,trip_updates,stop_updates_timed,6804,6854,
2026-09-15,lia,trip_updates,cancelled,0,332,
2026-09-15,lia,vehicle_positions,samples,,,1
2026-09-15,lia,vehicle_positions,ok,,,1
2026-09-15,lia,vehicle_positions,header_age_seconds,,,19
2026-09-15,lia,vehicle_positions,entities,,,95
2026-09-15,lia,vehicle_positions,with_position,95,95,
2026-09-15,lia,vehicle_positions,with_trip_id,95,95,
2026-09-15,lia,vehicle_positions,with_route_id,95,95,
2026-09-15,lia,vehicle_positions,trip_join,95,95,
2026-09-15,lia,alerts,samples,,,1
2026-09-15,lia,alerts,ok,,,1
2026-09-15,lia,alerts,header_age_seconds,,,19
2026-09-15,lia,alerts,entities,,,1
2026-09-15,lia,alerts,informed_resolved,0,0,
2026-09-15,slam,static,state,,,ok
2026-09-15,slam,static,age_hours,,,15.0
2026-09-15,slam,static,timetable_ends_on,,,2028-06-30
2026-09-15,slam,static,days_left,,,654
2026-09-15,slam,trip_updates,samples,,,1
2026-09-15,slam,trip_updates,ok,,,1
2026-09-15,slam,trip_updates,header_age_seconds,,,0
2026-09-15,slam,trip_updates,entities,,,372
2026-09-15,slam,trip_updates,no_trip_id,,,0
2026-09-15,slam,trip_updates,trip_join,11,372,
2026-09-15,slam,trip_updates,stop_updates_timed,7417,7418,
2026-09-15,slam,trip_updates,cancelled,0,372,
2026-09-15,transurbain,static,state,,,ok
2026-09-15,transurbain,static,age_hours,,,156.6
2026-09-15,transurbain,static,timetable_ends_on,,,2027-07-04
2026-09-15,transurbain,static,days_left,,,292
2026-09-15,transurbain,trip_updates,samples,,,1
2026-09-15,transurbain,trip_updates,ok,,,1
2026-09-15,transurbain,trip_updates,header_age_seconds,,,107
2026-09-15,transurbain,trip_updates,entities,,,43
2026-09-15,transurbain,trip_updates,no_trip_id,,,0
2026-09-15,transurbain,trip_updates,trip_join,43,43,
2026-09-15,transurbain,trip_updates,stop_updates_timed,585,585,
2026-09-15,transurbain,trip_updates,cancelled,0,43,
2026-09-15,transurbain,vehicle_positions,samples,,,1
2026-09-15,transurbain,vehicle_positions,ok,,,1
2026-09-15,transurbain,vehicle_positions,header_age_seconds,,,65
2026-09-15,transurbain,vehicle_positions,entities,,,20
2026-09-15,transurbain,vehicle_positions,with_position,20,20,
2026-09-15,transurbain,vehicle_positions,with_trip_id,20,20,
2026-09-15,transurbain,vehicle_positions,with_route_id,20,20,
2026-09-15,transurbain,vehicle_positions,trip_join,20,20,
2026-09-15,transurbain,alerts,samples,,,1
2026-09-15,transurbain,alerts,ok,,,1
2026-09-15,transurbain,alerts,header_age_seconds,,,85745
2026-09-15,transurbain,alerts,entities,,,1
2026-09-15,transurbain,alerts,informed_resolved,1,1,
2026-09-15,twisto,static,state,,,ok
2026-09-15,twisto,static,age_hours,,,15.0
2026-09-15,twisto,static,timetable_ends_on,,,2026-12-31
2026-09-15,twisto,static,days_left,,,107
2026-09-15,transgironde,static,state,,,ok
2026-09-15,transgironde,static,age_hours,,,12.9
2026-09-15,transgironde,static,timetable_ends_on,,,2027-09-11
2026-09-15,transgironde,static,days_left,,,361
2026-09-15,idelis,static,state,,,ok
2026-09-15,idelis,static,age_hours,,,157.0
2026-09-15,idelis,static,timetable_ends_on,,,2027-07-04
2026-09-15,idelis,static,days_left,,,292
2026-09-15,libeo,static,state,,,ok
2026-09-15,libeo,static,age_hours,,,157.0
2026-09-15,libeo,static,timetable_ends_on,,,2027-06-28
2026-09-15,libeo,static,days_left,,,286
2026-09-15,mobius,static,state,,,ok
2026-09-15,mobius,static,age_hours,,,156.7
2026-09-15,mobius,static,timetable_ends_on,,,2027-08-31
2026-09-15,mobius,static,days_left,,,350
2026-09-15,mobius,trip_updates,samples,,,1
2026-09-15,mobius,trip_updates,ok,,,1
2026-09-15,mobius,trip_updates,header_age_seconds,,,76
2026-09-15,mobius,trip_updates,entities,,,59
2026-09-15,mobius,trip_updates,no_trip_id,,,0
2026-09-15,mobius,trip_updates,trip_join,59,59,
2026-09-15,mobius,trip_updates,stop_updates_timed,1304,1540,
2026-09-15,mobius,trip_updates,cancelled,0,59,
2026-09-15,perimouv,static,state,,,ok
2026-09-15,perimouv,static,age_hours,,,157.0
2026-09-15,perimouv,static,timetable_ends_on,,,2027-01-03
2026-09-15,perimouv,static,days_left,,,110
2026-09-15,tanlib,static,state,,,ok
2026-09-15,tanlib,static,age_hours,,,125.0
2026-09-15,tanlib,static,timetable_ends_on,,,2027-07-03
2026-09-15,tanlib,static,days_left,,,291
2026-09-15,tbm,static,state,,,ok
2026-09-15,tbm,static,age_hours,,,31.0
2026-09-15,tbm,static,timetable_ends_on,,,2027-07-02
2026-09-15,tbm,static,days_left,,,290
2026-09-15,tbm,trip_updates,samples,,,1
2026-09-15,tbm,trip_updates,ok,,,1
2026-09-15,tbm,trip_updates,header_age_seconds,,,5
2026-09-15,tbm,trip_updates,entities,,,2250
2026-09-15,tbm,trip_updates,no_trip_id,,,0
2026-09-15,tbm,trip_updates,trip_join,856,2240,
2026-09-15,tbm,trip_updates,stop_updates_timed,77506,79813,
2026-09-15,tbm,trip_updates,cancelled,71,2240,
2026-09-15,tbm,vehicle_positions,samples,,,1
2026-09-15,tbm,vehicle_positions,ok,,,1
2026-09-15,tbm,vehicle_positions,header_age_seconds,,,5
2026-09-15,tbm,vehicle_positions,entities,,,400
2026-09-15,tbm,vehicle_positions,with_position,400,400,
2026-09-15,tbm,vehicle_positions,with_trip_id,400,400,
2026-09-15,tbm,vehicle_positions,with_route_id,392,400,
2026-09-15,tbm,vehicle_positions,trip_join,68,400,
2026-09-15,tbm,alerts,samples,,,1
2026-09-15,tbm,alerts,ok,,,1
2026-09-15,tbm,alerts,header_age_seconds,,,0
2026-09-15,tbm,alerts,entities,,,105
2026-09-15,tbm,alerts,informed_resolved,179,179,
2026-09-15,tcl-limoges,static,state,,,ok
2026-09-15,tcl-limoges,static,age_hours,,,157.0
2026-09-15,tcl-limoges,static,timetable_ends_on,,,2026-10-18
2026-09-15,tcl-limoges,static,days_left,,,33
2026-09-15,tempobus,static,state,,,ok
2026-09-15,tempobus,static,age_hours,,,156.7
2026-09-15,tempobus,static,timetable_ends_on,,,2027-08-31
2026-09-15,tempobus,static,days_left,,,350
2026-09-15,txiktxak,static,state,,,ok
2026-09-15,txiktxak,static,age_hours,,,77.9
2026-09-15,txiktxak,static,timetable_ends_on,,,2027-07-04
2026-09-15,txiktxak,static,days_left,,,292
2026-09-15,txiktxak,trip_updates,samples,,,1
2026-09-15,txiktxak,trip_updates,ok,,,1
2026-09-15,txiktxak,trip_updates,header_age_seconds,,,7
2026-09-15,txiktxak,trip_updates,entities,,,415
2026-09-15,txiktxak,trip_updates,no_trip_id,,,0
2026-09-15,txiktxak,trip_updates,trip_join,415,415,
2026-09-15,txiktxak,trip_updates,stop_updates_timed,12581,13152,
2026-09-15,txiktxak,trip_updates,cancelled,0,415,
2026-09-15,txiktxak,alerts,samples,,,1
2026-09-15,txiktxak,alerts,ok,,,1
2026-09-15,txiktxak,alerts,header_age_seconds,,,0
2026-09-15,txiktxak,alerts,entities,,,7
2026-09-15,txiktxak,alerts,informed_resolved,8,8,
2026-09-15,vitalis,static,state,,,ok
2026-09-15,vitalis,static,age_hours,,,24.9
2026-09-15,vitalis,static,timetable_ends_on,,,2026-11-22
2026-09-15,vitalis,static,days_left,,,68
2026-09-15,yelo,static,state,,,ok
2026-09-15,yelo,static,age_hours,,,131.9
2026-09-15,yelo,static,timetable_ends_on,,,2027-04-30
2026-09-15,yelo,static,days_left,,,227
2026-09-15,rodez,static,state,,,ok
2026-09-15,rodez,static,age_hours,,,156.6
2026-09-15,rodez,static,timetable_ends_on,,,2027-01-03
2026-09-15,rodez,static,days_left,,,110
2026-09-15,alesy,static,state,,,ok
2026-09-15,alesy,static,age_hours,,,83.0
2026-09-15,alesy,static,timetable_ends_on,,,2028-12-31
2026-09-15,alesy,static,days_left,,,838
2026-09-15,alesy,trip_updates,samples,,,1
2026-09-15,alesy,trip_updates,ok,,,1
2026-09-15,alesy,trip_updates,header_age_seconds,,,24
2026-09-15,alesy,trip_updates,entities,,,270
2026-09-15,alesy,trip_updates,no_trip_id,,,0
2026-09-15,alesy,trip_updates,trip_join,270,270,
2026-09-15,alesy,trip_updates,stop_updates_timed,5359,5361,
2026-09-15,alesy,trip_updates,cancelled,0,270,
2026-09-15,alesy,vehicle_positions,samples,,,1
2026-09-15,alesy,vehicle_positions,ok,,,1
2026-09-15,alesy,vehicle_positions,header_age_seconds,,,10
2026-09-15,alesy,vehicle_positions,entities,,,17
2026-09-15,alesy,vehicle_positions,with_position,17,17,
2026-09-15,alesy,vehicle_positions,with_trip_id,17,17,
2026-09-15,alesy,vehicle_positions,with_route_id,17,17,
2026-09-15,alesy,vehicle_positions,trip_join,17,17,
2026-09-15,alliance,static,state,,,ok
2026-09-15,alliance,static,age_hours,,,157.0
2026-09-15,alliance,static,timetable_ends_on,,,2027-01-02
2026-09-15,alliance,static,days_left,,,109
2026-09-15,alliance,trip_updates,samples,,,1
2026-09-15,alliance,trip_updates,ok,,,1
2026-09-15,alliance,trip_updates,header_age_seconds,,,0
2026-09-15,alliance,trip_updates,entities,,,16
2026-09-15,alliance,trip_updates,no_trip_id,,,0
2026-09-15,alliance,trip_updates,trip_join,6,6,
2026-09-15,alliance,trip_updates,stop_updates_timed,61,61,
2026-09-15,alliance,trip_updates,cancelled,0,6,
2026-09-15,alliance,vehicle_positions,samples,,,1
2026-09-15,alliance,vehicle_positions,ok,,,1
2026-09-15,alliance,vehicle_positions,header_age_seconds,,,0
2026-09-15,alliance,vehicle_positions,entities,,,16
2026-09-15,alliance,vehicle_positions,with_position,6,6,
2026-09-15,alliance,vehicle_positions,with_trip_id,6,6,
2026-09-15,alliance,vehicle_positions,with_route_id,6,6,
2026-09-15,alliance,vehicle_positions,trip_join,6,6,
2026-09-15,alliance,alerts,samples,,,1
2026-09-15,alliance,alerts,ok,,,1
2026-09-15,alliance,alerts,header_age_seconds,,,0
2026-09-15,alliance,alerts,entities,,,16
2026-09-15,alliance,alerts,informed_resolved,0,0,
2026-09-15,beemob,static,state,,,ok
2026-09-15,beemob,static,age_hours,,,111.0
2026-09-15,beemob,static,timetable_ends_on,,,2026-10-18
2026-09-15,beemob,static,days_left,,,33
2026-09-15,beemob,trip_updates,samples,,,1
2026-09-15,beemob,trip_updates,ok,,,1
2026-09-15,beemob,trip_updates,header_age_seconds,,,0
2026-09-15,beemob,trip_updates,entities,,,86
2026-09-15,beemob,trip_updates,no_trip_id,,,0
2026-09-15,beemob,trip_updates,trip_join,86,86,
2026-09-15,beemob,trip_updates,stop_updates_timed,2473,2488,
2026-09-15,beemob,trip_updates,cancelled,0,86,
2026-09-15,beemob,vehicle_positions,samples,,,1
2026-09-15,beemob,vehicle_positions,ok,,,1
2026-09-15,beemob,vehicle_positions,header_age_seconds,,,0
2026-09-15,beemob,vehicle_positions,entities,,,36
2026-09-15,beemob,vehicle_positions,with_position,36,36,
2026-09-15,beemob,vehicle_positions,with_trip_id,36,36,
2026-09-15,beemob,vehicle_positions,with_route_id,36,36,
2026-09-15,beemob,vehicle_positions,trip_join,36,36,
2026-09-15,capbus,static,state,,,ok
2026-09-15,capbus,static,age_hours,,,156.9
2026-09-15,capbus,static,timetable_ends_on,,,2027-07-02
2026-09-15,capbus,static,days_left,,,290
2026-09-15,capbus,trip_updates,samples,,,1
2026-09-15,capbus,trip_updates,ok,,,1
2026-09-15,capbus,trip_updates,header_age_seconds,,,0
2026-09-15,capbus,trip_updates,entities,,,15
2026-09-15,capbus,trip_updates,no_trip_id,,,0
2026-09-15,capbus,trip_updates,trip_join,8,8,
2026-09-15,capbus,trip_updates,stop_updates_timed,118,118,
2026-09-15,capbus,trip_updates,cancelled,0,8,
2026-09-15,capbus,vehicle_positions,samples,,,1
2026-09-15,capbus,vehicle_positions,ok,,,1
2026-09-15,capbus,vehicle_positions,header_age_seconds,,,0
2026-09-15,capbus,vehicle_positions,entities,,,15
2026-09-15,capbus,vehicle_positions,with_position,7,7,
2026-09-15,capbus,vehicle_positions,with_trip_id,7,7,
2026-09-15,capbus,vehicle_positions,with_route_id,7,7,
2026-09-15,capbus,vehicle_positions,trip_join,7,7,
2026-09-15,citibus,static,state,,,ok
2026-09-15,citibus,static,age_hours,,,156.6
2026-09-15,citibus,static,timetable_ends_on,,,2026-12-31
2026-09-15,citibus,static,days_left,,,107
2026-09-15,citibus,trip_updates,samples,,,1
2026-09-15,citibus,trip_updates,ok,,,1
2026-09-15,citibus,trip_updates,header_age_seconds,,,0
2026-09-15,citibus,trip_updates,entities,,,62
2026-09-15,citibus,trip_updates,no_trip_id,,,0
2026-09-15,citibus,trip_updates,trip_join,8,32,
2026-09-15,citibus,trip_updates,stop_updates_timed,523,523,
2026-09-15,citibus,trip_updates,cancelled,0,32,
2026-09-15,citibus,vehicle_positions,samples,,,1
2026-09-15,citibus,vehicle_positions,ok,,,1
2026-09-15,citibus,vehicle_positions,header_age_seconds,,,0
2026-09-15,citibus,vehicle_positions,entities,,,62
2026-09-15,citibus,vehicle_positions,with_position,30,30,
2026-09-15,citibus,vehicle_positions,with_trip_id,30,30,
2026-09-15,citibus,vehicle_positions,with_route_id,30,30,
2026-09-15,citibus,vehicle_positions,trip_join,7,30,
2026-09-15,citibus,alerts,samples,,,1
2026-09-15,citibus,alerts,ok,,,1
2026-09-15,citibus,alerts,header_age_seconds,,,0
2026-09-15,citibus,alerts,entities,,,1
2026-09-15,citibus,alerts,informed_resolved,2,2,
2026-09-15,libellus,static,state,,,ok
2026-09-15,libellus,static,age_hours,,,156.6
2026-09-15,libellus,static,timetable_ends_on,,,2026-12-31
2026-09-15,libellus,static,days_left,,,107
2026-09-15,libea,static,state,,,ok
2026-09-15,libea,static,age_hours,,,156.7
2026-09-15,libea,static,timetable_ends_on,,,2027-07-03
2026-09-15,libea,static,days_left,,,291
2026-09-15,lio,static,state,,,ok
2026-09-15,lio,static,age_hours,,,11.0
2026-09-15,lio,static,timetable_ends_on,,,2027-08-31
2026-09-15,lio,static,days_left,,,350
2026-09-15,lio,trip_updates,samples,,,1
2026-09-15,lio,trip_updates,ok,,,1
2026-09-15,lio,trip_updates,header_age_seconds,,,8
2026-09-15,lio,trip_updates,entities,,,101
2026-09-15,lio,trip_updates,no_trip_id,,,0
2026-09-15,lio,trip_updates,trip_join,101,101,
2026-09-15,lio,trip_updates,stop_updates_timed,2063,2099,
2026-09-15,lio,trip_updates,cancelled,0,101,
2026-09-15,lio,vehicle_positions,samples,,,1
2026-09-15,lio,vehicle_positions,ok,,,1
2026-09-15,lio,vehicle_positions,header_age_seconds,,,22
2026-09-15,lio,vehicle_positions,entities,,,100
2026-09-15,lio,vehicle_positions,with_position,94,100,
2026-09-15,lio,vehicle_positions,with_trip_id,94,94,
2026-09-15,lio,vehicle_positions,with_route_id,94,94,
2026-09-15,lio,vehicle_positions,trip_join,94,94,
2026-09-15,max,static,state,,,ok
2026-09-15,max,static,age_hours,,,25.9
2026-09-15,max,static,timetable_ends_on,,,2027-08-28
2026-09-15,max,static,days_left,,,347
2026-09-15,max,trip_updates,samples,,,1
2026-09-15,max,trip_updates,ok,,,1
2026-09-15,max,trip_updates,header_age_seconds,,,0
2026-09-15,max,trip_updates,entities,,,4
2026-09-15,max,trip_updates,no_trip_id,,,0
2026-09-15,max,trip_updates,trip_join,2,2,
2026-09-15,max,trip_updates,stop_updates_timed,19,19,
2026-09-15,max,trip_updates,cancelled,0,2,
2026-09-15,max,vehicle_positions,samples,,,1
2026-09-15,max,vehicle_positions,ok,,,1
2026-09-15,max,vehicle_positions,header_age_seconds,,,0
2026-09-15,max,vehicle_positions,entities,,,4
2026-09-15,max,vehicle_positions,with_position,2,2,
2026-09-15,max,vehicle_positions,with_trip_id,2,2,
2026-09-15,max,vehicle_positions,with_route_id,2,2,
2026-09-15,max,vehicle_positions,trip_join,2,2,
2026-09-15,rtca,static,state,,,ok
2026-09-15,rtca,static,age_hours,,,108.9
2026-09-15,rtca,static,timetable_ends_on,,,2027-01-03
2026-09-15,rtca,static,days_left,,,110
2026-09-15,sankeo,static,state,,,ok
2026-09-15,sankeo,static,age_hours,,,23.9
2026-09-15,sankeo,static,timetable_ends_on,,,2026-09-27
2026-09-15,sankeo,static,days_left,,,12
2026-09-15,sankeo,trip_updates,samples,,,1
2026-09-15,sankeo,trip_updates,ok,,,1
2026-09-15,sankeo,trip_updates,header_age_seconds,,,48
2026-09-15,sankeo,trip_updates,entities,,,127
2026-09-15,sankeo,trip_updates,no_trip_id,,,0
2026-09-15,sankeo,trip_updates,trip_join,127,127,
2026-09-15,sankeo,trip_updates,stop_updates_timed,2912,3069,
2026-09-15,sankeo,trip_updates,cancelled,0,127,
2026-09-15,sete,static,state,,,ok
2026-09-15,sete,static,age_hours,,,74.0
2026-09-15,sete,static,timetable_ends_on,,,2027-04-04
2026-09-15,sete,static,days_left,,,201
2026-09-15,sete,trip_updates,samples,,,1
2026-09-15,sete,trip_updates,ok,,,1
2026-09-15,sete,trip_updates,header_age_seconds,,,6
2026-09-15,sete,trip_updates,entities,,,132
2026-09-15,sete,trip_updates,no_trip_id,,,0
2026-09-15,sete,trip_updates,trip_join,132,132,
2026-09-15,sete,trip_updates,stop_updates_timed,2063,2063,
2026-09-15,sete,trip_updates,cancelled,0,132,
2026-09-15,sete,vehicle_positions,samples,,,1
2026-09-15,sete,vehicle_positions,ok,,,1
2026-09-15,sete,vehicle_positions,header_age_seconds,,,6
2026-09-15,sete,vehicle_positions,entities,,,45
2026-09-15,sete,vehicle_positions,with_position,45,45,
2026-09-15,sete,vehicle_positions,with_trip_id,34,45,
2026-09-15,sete,vehicle_positions,with_route_id,34,45,
2026-09-15,sete,vehicle_positions,trip_join,34,34,
2026-09-15,tam,static,state,,,ok
2026-09-15,tam,static,age_hours,,,2.9
2026-09-15,tam,static,timetable_ends_on,,,2026-10-16
2026-09-15,tam,static,days_left,,,31
2026-09-15,tam,trip_updates,samples,,,1
2026-09-15,tam,trip_updates,ok,,,1
2026-09-15,tam,trip_updates,header_age_seconds,,,43
2026-09-15,tam,trip_updates,entities,,,373
2026-09-15,tam,trip_updates,no_trip_id,,,0
2026-09-15,tam,trip_updates,trip_join,370,373,
2026-09-15,tam,trip_updates,stop_updates_timed,7225,7287,
2026-09-15,tam,trip_updates,cancelled,0,373,
2026-09-15,tam,vehicle_positions,samples,,,1
2026-09-15,tam,vehicle_positions,ok,,,1
2026-09-15,tam,vehicle_positions,header_age_seconds,,,23
2026-09-15,tam,vehicle_positions,entities,,,131
2026-09-15,tam,vehicle_positions,with_position,131,131,
2026-09-15,tam,vehicle_positions,with_trip_id,131,131,
2026-09-15,tam,vehicle_positions,with_route_id,131,131,
2026-09-15,tam,vehicle_positions,trip_join,129,131,
2026-09-15,tam,alerts,samples,,,1
2026-09-15,tam,alerts,ok,,,1
2026-09-15,tam,alerts,header_age_seconds,,,23
2026-09-15,tam,alerts,entities,,,0
2026-09-15,tam,alerts,informed_resolved,0,0,
2026-09-15,tango,static,state,,,ok
2026-09-15,tango,static,age_hours,,,156.6
2026-09-15,tango,static,timetable_ends_on,,,2026-12-31
2026-09-15,tango,static,days_left,,,107
2026-09-15,tango,trip_updates,samples,,,1
2026-09-15,tango,trip_updates,ok,,,1
2026-09-15,tango,trip_updates,header_age_seconds,,,30
2026-09-15,tango,trip_updates,entities,,,193
2026-09-15,tango,trip_updates,no_trip_id,,,0
2026-09-15,tango,trip_updates,trip_join,193,193,
2026-09-15,tango,trip_updates,stop_updates_timed,2468,2468,
2026-09-15,tango,trip_updates,cancelled,0,193,
2026-09-15,tango,vehicle_positions,samples,,,1
2026-09-15,tango,vehicle_positions,ok,,,1
2026-09-15,tango,vehicle_positions,header_age_seconds,,,30
2026-09-15,tango,vehicle_positions,entities,,,75
2026-09-15,tango,vehicle_positions,with_position,75,75,
2026-09-15,tango,vehicle_positions,with_trip_id,75,75,
2026-09-15,tango,vehicle_positions,with_route_id,75,75,
2026-09-15,tango,vehicle_positions,trip_join,75,75,
2026-09-15,tisseo,static,state,,,ok
2026-09-15,tisseo,static,age_hours,,,0.9
2026-09-15,tisseo,static,timetable_ends_on,,,2026-10-07
2026-09-15,tisseo,static,days_left,,,22
2026-09-15,tisseo,trip_updates,samples,,,1
2026-09-15,tisseo,trip_updates,ok,,,1
2026-09-15,tisseo,trip_updates,header_age_seconds,,,1
2026-09-15,tisseo,trip_updates,entities,,,1444
2026-09-15,tisseo,trip_updates,no_trip_id,,,0
2026-09-15,tisseo,trip_updates,trip_join,1195,1387,
2026-09-15,tisseo,trip_updates,stop_updates_timed,23177,23426,
2026-09-15,tisseo,trip_updates,cancelled,195,1387,
2026-09-15,tisseo,alerts,samples,,,1
2026-09-15,tisseo,alerts,ok,,,1
2026-09-15,tisseo,alerts,header_age_seconds,,,1
2026-09-15,tisseo,alerts,entities,,,1444
2026-09-15,tisseo,alerts,informed_resolved,37,48,
2026-09-15,tlp,static,state,,,ok
2026-09-15,tlp,static,age_hours,,,156.8
2026-09-15,tlp,static,timetable_ends_on,,,2026-10-16
2026-09-15,tlp,static,days_left,,,31
2026-09-15,transpor,static,state,,,ok
2026-09-15,transpor,static,age_hours,,,156.9
2026-09-15,transpor,static,timetable_ends_on,,,2030-01-31
2026-09-15,transpor,static,days_left,,,1234
2026-09-15,transpor,trip_updates,samples,,,1
2026-09-15,transpor,trip_updates,ok,,,1
2026-09-15,transpor,trip_updates,header_age_seconds,,,26
2026-09-15,transpor,trip_updates,entities,,,13
2026-09-15,transpor,trip_updates,no_trip_id,,,0
2026-09-15,transpor,trip_updates,trip_join,12,12,
2026-09-15,transpor,trip_updates,stop_updates_timed,357,733,
2026-09-15,transpor,trip_updates,cancelled,0,12,
2026-09-15,transpor,vehicle_positions,samples,,,1
2026-09-15,transpor,vehicle_positions,ok,,,1
2026-09-15,transpor,vehicle_positions,header_age_seconds,,,26
2026-09-15,transpor,vehicle_positions,entities,,,9
2026-09-15,transpor,vehicle_positions,with_position,7,9,
2026-09-15,transpor,vehicle_positions,with_trip_id,7,7,
2026-09-15,transpor,vehicle_positions,with_route_id,7,7,
2026-09-15,transpor,vehicle_positions,trip_join,7,7,
2026-09-15,montauban,static,state,,,ok
2026-09-15,montauban,static,age_hours,,,156.9
2026-09-15,montauban,static,timetable_ends_on,,,2027-08-29
2026-09-15,montauban,static,days_left,,,348
2026-09-15,evidence,static,state,,,ok
2026-09-15,evidence,static,age_hours,,,156.9
2026-09-15,evidence,static,timetable_ends_on,,,2026-10-31
2026-09-15,evidence,static,days_left,,,46
2026-09-15,aleop,static,state,,,ok
2026-09-15,aleop,static,age_hours,,,26.0
2026-09-15,aleop,static,timetable_ends_on,,,2027-08-31
2026-09-15,aleop,static,days_left,,,350
2026-09-15,aleop,trip_updates,samples,,,1
2026-09-15,aleop,trip_updates,ok,,,1
2026-09-15,aleop,trip_updates,header_age_seconds,,,12
2026-09-15,aleop,trip_updates,entities,,,122
2026-09-15,aleop,trip_updates,no_trip_id,,,0
2026-09-15,aleop,trip_updates,trip_join,34,122,
2026-09-15,aleop,trip_updates,stop_updates_timed,1262,1267,
2026-09-15,aleop,trip_updates,cancelled,1,122,
2026-09-15,aleop,vehicle_positions,samples,,,1
2026-09-15,aleop,vehicle_positions,ok,,,1
2026-09-15,aleop,vehicle_positions,header_age_seconds,,,12
2026-09-15,aleop,vehicle_positions,entities,,,29
2026-09-15,aleop,vehicle_positions,with_position,29,29,
2026-09-15,aleop,vehicle_positions,with_trip_id,29,29,
2026-09-15,aleop,vehicle_positions,with_route_id,29,29,
2026-09-15,aleop,vehicle_positions,trip_join,29,29,
2026-09-15,aleop,alerts,samples,,,1
2026-09-15,aleop,alerts,ok,,,1
2026-09-15,aleop,alerts,header_age_seconds,,,2
2026-09-15,aleop,alerts,entities,,,36
2026-09-15,aleop,alerts,informed_resolved,53,79,
2026-09-15,choletbus,static,state,,,ok
2026-09-15,choletbus,static,age_hours,,,22.0
2026-09-15,choletbus,static,timetable_ends_on,,,2027-07-02
2026-09-15,choletbus,static,days_left,,,290
2026-09-15,choletbus,trip_updates,samples,,,1
2026-09-15,choletbus,trip_updates,ok,,,1
2026-09-15,choletbus,trip_updates,header_age_seconds,,,22
2026-09-15,choletbus,trip_updates,entities,,,66
2026-09-15,choletbus,trip_updates,no_trip_id,,,0
2026-09-15,choletbus,trip_updates,trip_join,66,66,
2026-09-15,choletbus,trip_updates,stop_updates_timed,1471,1472,
2026-09-15,choletbus,trip_updates,cancelled,0,66,
2026-09-15,choletbus,alerts,samples,,,1
2026-09-15,choletbus,alerts,ok,,,1
2026-09-15,choletbus,alerts,header_age_seconds,,,0
2026-09-15,choletbus,alerts,entities,,,2
2026-09-15,choletbus,alerts,informed_resolved,4,4,
2026-09-15,impulsyon,static,state,,,ok
2026-09-15,impulsyon,static,age_hours,,,156.9
2026-09-15,impulsyon,static,timetable_ends_on,,,2027-06-27
2026-09-15,impulsyon,static,days_left,,,285
2026-09-15,impulsyon,alerts,samples,,,1
2026-09-15,impulsyon,alerts,ok,,,1
2026-09-15,impulsyon,alerts,header_age_seconds,,,1
2026-09-15,impulsyon,alerts,entities,,,4
2026-09-15,impulsyon,alerts,informed_resolved,7,7,
2026-09-15,irigo,static,state,,,ok
2026-09-15,irigo,static,age_hours,,,5.0
2026-09-15,irigo,static,timetable_ends_on,,,2027-07-02
2026-09-15,irigo,static,days_left,,,290
2026-09-15,irigo,trip_updates,samples,,,1
2026-09-15,irigo,trip_updates,ok,,,1
2026-09-15,irigo,trip_updates,header_age_seconds,,,50
2026-09-15,irigo,trip_updates,entities,,,212
2026-09-15,irigo,trip_updates,no_trip_id,,,0
2026-09-15,irigo,trip_updates,trip_join,212,212,
2026-09-15,irigo,trip_updates,stop_updates_timed,4710,4710,
2026-09-15,irigo,trip_updates,cancelled,0,212,
2026-09-15,irigo,vehicle_positions,samples,,,1
2026-09-15,irigo,vehicle_positions,ok,,,1
2026-09-15,irigo,vehicle_positions,header_age_seconds,,,4
2026-09-15,irigo,vehicle_positions,entities,,,190
2026-09-15,irigo,vehicle_positions,with_position,190,190,
2026-09-15,irigo,vehicle_positions,with_trip_id,190,190,
2026-09-15,irigo,vehicle_positions,with_route_id,190,190,
2026-09-15,irigo,vehicle_positions,trip_join,190,190,
2026-09-15,irigo,alerts,samples,,,1
2026-09-15,irigo,alerts,ok,,,1
2026-09-15,irigo,alerts,header_age_seconds,,,0
2026-09-15,irigo,alerts,entities,,,17
2026-09-15,irigo,alerts,informed_resolved,23,23,
2026-09-15,lila-presquile,static,state,,,ok
2026-09-15,lila-presquile,static,age_hours,,,17.9
2026-09-15,lila-presquile,static,timetable_ends_on,,,2026-12-18
2026-09-15,lila-presquile,static,days_left,,,94
2026-09-15,lila-presquile,trip_updates,samples,,,1
2026-09-15,lila-presquile,trip_updates,ok,,,1
2026-09-15,lila-presquile,trip_updates,header_age_seconds,,,9
2026-09-15,lila-presquile,trip_updates,entities,,,0
2026-09-15,lila-presquile,trip_updates,no_trip_id,,,0
2026-09-15,lila-presquile,trip_updates,trip_join,0,0,
2026-09-15,lila-presquile,trip_updates,stop_updates_timed,0,0,
2026-09-15,lila-presquile,trip_updates,cancelled,0,0,
2026-09-15,lila-presquile,vehicle_positions,samples,,,1
2026-09-15,lila-presquile,vehicle_positions,ok,,,1
2026-09-15,lila-presquile,vehicle_positions,header_age_seconds,,,9
2026-09-15,lila-presquile,vehicle_positions,entities,,,0
2026-09-15,lila-presquile,vehicle_positions,with_position,0,0,
2026-09-15,lila-presquile,vehicle_positions,with_trip_id,0,0,
2026-09-15,lila-presquile,vehicle_positions,with_route_id,0,0,
2026-09-15,lila-presquile,vehicle_positions,trip_join,0,0,
2026-09-15,naolib,static,state,,,ok
2026-09-15,naolib,static,age_hours,,,157.1
2026-09-15,naolib,static,timetable_ends_on,,,2026-12-08
2026-09-15,naolib,static,days_left,,,84
2026-09-15,naolib,trip_updates,samples,,,1
2026-09-15,naolib,trip_updates,ok,,,0
2026-09-15,naolib,trip_updates,header_age_seconds,,,
2026-09-15,naolib,trip_updates,entities,,,
2026-09-15,naolib,trip_updates,no_trip_id,,,0
2026-09-15,naolib,trip_updates,trip_join,,,
2026-09-15,naolib,trip_updates,stop_updates_timed,,,
2026-09-15,naolib,trip_updates,cancelled,,,
2026-09-15,setram,static,state,,,ok
2026-09-15,setram,static,age_hours,,,156.6
2026-09-15,setram,static,timetable_ends_on,,,2026-11-28
2026-09-15,setram,static,days_left,,,74
2026-09-15,setram,trip_updates,samples,,,1
2026-09-15,setram,trip_updates,ok,,,1
2026-09-15,setram,trip_updates,header_age_seconds,,,0
2026-09-15,setram,trip_updates,entities,,,225
2026-09-15,setram,trip_updates,no_trip_id,,,0
2026-09-15,setram,trip_updates,trip_join,225,225,
2026-09-15,setram,trip_updates,stop_updates_timed,5244,5362,
2026-09-15,setram,trip_updates,cancelled,0,225,
2026-09-15,setram,vehicle_positions,samples,,,1
2026-09-15,setram,vehicle_positions,ok,,,1
2026-09-15,setram,vehicle_positions,header_age_seconds,,,0
2026-09-15,setram,vehicle_positions,entities,,,76
2026-09-15,setram,vehicle_positions,with_position,76,76,
2026-09-15,setram,vehicle_positions,with_trip_id,75,76,
2026-09-15,setram,vehicle_positions,with_route_id,75,76,
2026-09-15,setram,vehicle_positions,trip_join,75,75,
2026-09-15,setram,alerts,samples,,,1
2026-09-15,setram,alerts,ok,,,1
2026-09-15,setram,alerts,header_age_seconds,,,0
2026-09-15,setram,alerts,entities,,,1
2026-09-15,setram,alerts,informed_resolved,1,1,
2026-09-15,tul,static,state,,,ok
2026-09-15,tul,static,age_hours,,,156.8
2026-09-15,tul,static,timetable_ends_on,,,2027-01-03
2026-09-15,tul,static,days_left,,,110
2026-09-15,yceo,static,state,,,ok
2026-09-15,yceo,static,age_hours,,,14.9
2026-09-15,yceo,static,timetable_ends_on,,,2027-07-02
2026-09-15,yceo,static,days_left,,,290
2026-09-15,aixenbus,static,state,,,ok
2026-09-15,aixenbus,static,age_hours,,,14.0
2026-09-15,aixenbus,static,timetable_ends_on,,,2026-10-18
2026-09-15,aixenbus,static,days_left,,,33
2026-09-15,envia,static,state,,,ok
2026-09-15,envia,static,age_hours,,,156.6
2026-09-15,envia,static,timetable_ends_on,,,2026-12-31
2026-09-15,envia,static,days_left,,,107
2026-09-15,envia,trip_updates,samples,,,1
2026-09-15,envia,trip_updates,ok,,,1
2026-09-15,envia,trip_updates,header_age_seconds,,,29
2026-09-15,envia,trip_updates,entities,,,74
2026-09-15,envia,trip_updates,no_trip_id,,,0
2026-09-15,envia,trip_updates,trip_join,68,74,
2026-09-15,envia,trip_updates,stop_updates_timed,1974,1977,
2026-09-15,envia,trip_updates,cancelled,0,74,
2026-09-15,envia,vehicle_positions,samples,,,1
2026-09-15,envia,vehicle_positions,ok,,,1
2026-09-15,envia,vehicle_positions,header_age_seconds,,,28
2026-09-15,envia,vehicle_positions,entities,,,20
2026-09-15,envia,vehicle_positions,with_position,19,20,
2026-09-15,envia,vehicle_positions,with_trip_id,19,19,
2026-09-15,envia,vehicle_positions,with_route_id,19,19,
2026-09-15,envia,vehicle_positions,trip_join,17,19,
2026-09-15,envibus,static,state,,,never_ingested
2026-09-15,envibus,static,age_hours,,,
2026-09-15,envibus,static,timetable_ends_on,,,
2026-09-15,envibus,static,days_left,,,
2026-09-15,gap,static,state,,,ok
2026-09-15,gap,static,age_hours,,,156.8
2026-09-15,gap,static,timetable_ends_on,,,2026-12-31
2026-09-15,gap,static,days_left,,,107
2026-09-15,gap,trip_updates,samples,,,1
2026-09-15,gap,trip_updates,ok,,,1
2026-09-15,gap,trip_updates,header_age_seconds,,,8
2026-09-15,gap,trip_updates,entities,,,0
2026-09-15,gap,trip_updates,no_trip_id,,,0
2026-09-15,gap,trip_updates,trip_join,0,0,
2026-09-15,gap,trip_updates,stop_updates_timed,0,0,
2026-09-15,gap,trip_updates,cancelled,0,0,
2026-09-15,gap,vehicle_positions,samples,,,1
2026-09-15,gap,vehicle_positions,ok,,,1
2026-09-15,gap,vehicle_positions,header_age_seconds,,,8
2026-09-15,gap,vehicle_positions,entities,,,0
2026-09-15,gap,vehicle_positions,with_position,0,0,
2026-09-15,gap,vehicle_positions,with_trip_id,0,0,
2026-09-15,gap,vehicle_positions,with_route_id,0,0,
2026-09-15,gap,vehicle_positions,trip_join,0,0,
2026-09-15,lebus-esterel,static,state,,,ok
2026-09-15,lebus-esterel,static,age_hours,,,157.0
2026-09-15,lebus-esterel,static,timetable_ends_on,,,2027-01-03
2026-09-15,lebus-esterel,static,days_left,,,110
2026-09-15,lebus-esterel,trip_updates,samples,,,1
2026-09-15,lebus-esterel,trip_updates,ok,,,1
2026-09-15,lebus-esterel,trip_updates,header_age_seconds,,,9
2026-09-15,lebus-esterel,trip_updates,entities,,,217
2026-09-15,lebus-esterel,trip_updates,no_trip_id,,,0
2026-09-15,lebus-esterel,trip_updates,trip_join,189,189,
2026-09-15,lebus-esterel,trip_updates,stop_updates_timed,4684,4684,
2026-09-15,lebus-esterel,trip_updates,cancelled,0,189,
2026-09-15,lebus-esterel,vehicle_positions,samples,,,1
2026-09-15,lebus-esterel,vehicle_positions,ok,,,1
2026-09-15,lebus-esterel,vehicle_positions,header_age_seconds,,,9
2026-09-15,lebus-esterel,vehicle_positions,entities,,,217
2026-09-15,lebus-esterel,vehicle_positions,with_position,28,28,
2026-09-15,lebus-esterel,vehicle_positions,with_trip_id,28,28,
2026-09-15,lebus-esterel,vehicle_positions,with_route_id,28,28,
2026-09-15,lebus-esterel,vehicle_positions,trip_join,28,28,
2026-09-15,rla,static,state,,,ok
2026-09-15,rla,static,age_hours,,,145.9
2026-09-15,rla,static,timetable_ends_on,,,2026-12-31
2026-09-15,rla,static,days_left,,,107
2026-09-15,rla,trip_updates,samples,,,1
2026-09-15,rla,trip_updates,ok,,,1
2026-09-15,rla,trip_updates,header_age_seconds,,,36
2026-09-15,rla,trip_updates,entities,,,932
2026-09-15,rla,trip_updates,no_trip_id,,,0
2026-09-15,rla,trip_updates,trip_join,932,932,
2026-09-15,rla,trip_updates,stop_updates_timed,16103,16103,
2026-09-15,rla,trip_updates,cancelled,0,932,
2026-09-15,rla,vehicle_positions,samples,,,1
2026-09-15,rla,vehicle_positions,ok,,,1
2026-09-15,rla,vehicle_positions,header_age_seconds,,,51
2026-09-15,rla,vehicle_positions,entities,,,213
2026-09-15,rla,vehicle_positions,with_position,213,213,
2026-09-15,rla,vehicle_positions,with_trip_id,213,213,
2026-09-15,rla,vehicle_positions,with_route_id,213,213,
2026-09-15,rla,vehicle_positions,trip_join,213,213,
2026-09-15,orizo,static,state,,,ok
2026-09-15,orizo,static,age_hours,,,156.8
2026-09-15,orizo,static,timetable_ends_on,,,2026-10-18
2026-09-15,orizo,static,days_left,,,33
2026-09-15,orizo,trip_updates,samples,,,1
2026-09-15,orizo,trip_updates,ok,,,1
2026-09-15,orizo,trip_updates,header_age_seconds,,,7
2026-09-15,orizo,trip_updates,entities,,,221
2026-09-15,orizo,trip_updates,no_trip_id,,,0
2026-09-15,orizo,trip_updates,trip_join,221,221,
2026-09-15,orizo,trip_updates,stop_updates_timed,4587,4587,
2026-09-15,orizo,trip_updates,cancelled,0,221,
2026-09-15,orizo,vehicle_positions,samples,,,1
2026-09-15,orizo,vehicle_positions,ok,,,1
2026-09-15,orizo,vehicle_positions,header_age_seconds,,,0
2026-09-15,orizo,vehicle_positions,entities,,,77
2026-09-15,orizo,vehicle_positions,with_position,77,77,
2026-09-15,orizo,vehicle_positions,with_trip_id,77,77,
2026-09-15,orizo,vehicle_positions,with_route_id,77,77,
2026-09-15,orizo,vehicle_positions,trip_join,77,77,
2026-09-15,palmbus,static,state,,,ok
2026-09-15,palmbus,static,age_hours,,,85.0
2026-09-15,palmbus,static,timetable_ends_on,,,2027-01-03
2026-09-15,palmbus,static,days_left,,,110
2026-09-15,palmbus,trip_updates,samples,,,1
2026-09-15,palmbus,trip_updates,ok,,,1
2026-09-15,palmbus,trip_updates,header_age_seconds,,,45
2026-09-15,palmbus,trip_updates,entities,,,183
2026-09-15,palmbus,trip_updates,no_trip_id,,,0
2026-09-15,palmbus,trip_updates,trip_join,183,183,
2026-09-15,palmbus,trip_updates,stop_updates_timed,2598,2692,
2026-09-15,palmbus,trip_updates,cancelled,4,183,
2026-09-15,palmbus,vehicle_positions,samples,,,1
2026-09-15,palmbus,vehicle_positions,ok,,,1
2026-09-15,palmbus,vehicle_positions,header_age_seconds,,,45
2026-09-15,palmbus,vehicle_positions,entities,,,81
2026-09-15,palmbus,vehicle_positions,with_position,81,81,
2026-09-15,palmbus,vehicle_positions,with_trip_id,81,81,
2026-09-15,palmbus,vehicle_positions,with_route_id,81,81,
2026-09-15,palmbus,vehicle_positions,trip_join,81,81,
2026-09-15,rtm,static,state,,,ok
2026-09-15,rtm,static,age_hours,,,24.0
2026-09-15,rtm,static,timetable_ends_on,,,2026-11-12
2026-09-15,rtm,static,days_left,,,58
2026-09-15,rtm,alerts,samples,,,1
2026-09-15,rtm,alerts,ok,,,1
2026-09-15,rtm,alerts,header_age_seconds,,,192
2026-09-15,rtm,alerts,entities,,,77
2026-09-15,rtm,alerts,informed_resolved,496,703,
2026-09-15,mistral,static,state,,,ok
2026-09-15,mistral,static,age_hours,,,14.0
2026-09-15,mistral,static,timetable_ends_on,,,2026-11-30
2026-09-15,mistral,static,days_left,,,76
2026-09-15,mistral,trip_updates,samples,,,1
2026-09-15,mistral,trip_updates,ok,,,1
2026-09-15,mistral,trip_updates,header_age_seconds,,,67
2026-09-15,mistral,trip_updates,entities,,,510
2026-09-15,mistral,trip_updates,no_trip_id,,,0
2026-09-15,mistral,trip_updates,trip_join,483,510,
2026-09-15,mistral,trip_updates,stop_updates_timed,15060,15228,
2026-09-15,mistral,trip_updates,cancelled,0,510,
2026-09-15,mistral,vehicle_positions,samples,,,1
2026-09-15,mistral,vehicle_positions,ok,,,1
2026-09-15,mistral,vehicle_positions,header_age_seconds,,,78
2026-09-15,mistral,vehicle_positions,entities,,,186
2026-09-15,mistral,vehicle_positions,with_position,186,186,
2026-09-15,mistral,vehicle_positions,with_trip_id,185,186,
2026-09-15,mistral,vehicle_positions,with_route_id,185,186,
2026-09-15,mistral,vehicle_positions,trip_join,184,185,
2026-09-15,mistral,alerts,samples,,,1
2026-09-15,mistral,alerts,ok,,,1
2026-09-15,mistral,alerts,header_age_seconds,,,0
2026-09-15,mistral,alerts,entities,,,8
2026-09-15,mistral,alerts,informed_resolved,21,21,
2026-09-15,tedbus,static,state,,,ok
2026-09-15,tedbus,static,age_hours,,,156.8
2026-09-15,tedbus,static,timetable_ends_on,,,2027-08-31
2026-09-15,tedbus,static,days_left,,,350
2026-09-15,tedbus,trip_updates,samples,,,1
2026-09-15,tedbus,trip_updates,ok,,,1
2026-09-15,tedbus,trip_updates,header_age_seconds,,,3
2026-09-15,tedbus,trip_updates,entities,,,15
2026-09-15,tedbus,trip_updates,no_trip_id,,,0
2026-09-15,tedbus,trip_updates,trip_join,7,7,
2026-09-15,tedbus,trip_updates,stop_updates_timed,189,193,
2026-09-15,tedbus,trip_updates,cancelled,0,7,
2026-09-15,tedbus,vehicle_positions,samples,,,1
2026-09-15,tedbus,vehicle_positions,ok,,,1
2026-09-15,tedbus,vehicle_positions,header_age_seconds,,,3
2026-09-15,tedbus,vehicle_positions,entities,,,15
2026-09-15,tedbus,vehicle_positions,with_position,7,7,
2026-09-15,tedbus,vehicle_positions,with_trip_id,7,7,
2026-09-15,tedbus,vehicle_positions,with_route_id,7,7,
2026-09-15,tedbus,vehicle_positions,trip_join,7,7,
2026-09-15,tedbus,alerts,samples,,,1
2026-09-15,tedbus,alerts,ok,,,1
2026-09-15,tedbus,alerts,header_age_seconds,,,4
2026-09-15,tedbus,alerts,entities,,,15
2026-09-15,tedbus,alerts,informed_resolved,1,1,
2026-09-15,zest,static,state,,,ok
2026-09-15,zest,static,age_hours,,,108.9
2026-09-15,zest,static,timetable_ends_on,,,2027-07-04
2026-09-15,zest,static,days_left,,,292
2026-09-15,zest,trip_updates,samples,,,1
2026-09-15,zest,trip_updates,ok,,,1
2026-09-15,zest,trip_updates,header_age_seconds,,,0
2026-09-15,zest,trip_updates,entities,,,72
2026-09-15,zest,trip_updates,no_trip_id,,,0
2026-09-15,zest,trip_updates,trip_join,72,72,
2026-09-15,zest,trip_updates,stop_updates_timed,1758,1858,
2026-09-15,zest,trip_updates,cancelled,0,72,
2026-09-15,zest,vehicle_positions,samples,,,1
2026-09-15,zest,vehicle_positions,ok,,,1
2026-09-15,zest,vehicle_positions,header_age_seconds,,,8
2026-09-15,zest,vehicle_positions,entities,,,19
2026-09-15,zest,vehicle_positions,with_position,19,19,
2026-09-15,zest,vehicle_positions,with_trip_id,19,19,
2026-09-15,zest,vehicle_positions,with_route_id,19,19,
2026-09-15,zest,vehicle_positions,trip_join,19,19,
2026-09-15,zou-proximite,static,state,,,ok
2026-09-15,zou-proximite,static,age_hours,,,22.9
2026-09-15,zou-proximite,static,timetable_ends_on,,,2026-12-31
2026-09-15,zou-proximite,static,days_left,,,107
2026-09-15,zou-proximite,trip_updates,samples,,,1
2026-09-15,zou-proximite,trip_updates,ok,,,1
2026-09-15,zou-proximite,trip_updates,header_age_seconds,,,16
2026-09-15,zou-proximite,trip_updates,entities,,,2171
2026-09-15,zou-proximite,trip_updates,no_trip_id,,,0
2026-09-15,zou-proximite,trip_updates,trip_join,2171,2171,
2026-09-15,zou-proximite,trip_updates,stop_updates_timed,63990,63990,
2026-09-15,zou-proximite,trip_updates,cancelled,0,2171,
2026-09-15,zou-proximite,alerts,samples,,,1
2026-09-15,zou-proximite,alerts,ok,,,1
2026-09-15,zou-proximite,alerts,header_age_seconds,,,53
2026-09-15,zou-proximite,alerts,entities,,,21
2026-09-15,zou-proximite,alerts,informed_resolved,74,104,
2026-09-15,idfm,static,state,,,ok
2026-09-15,idfm,static,age_hours,,,16.0
2026-09-15,idfm,static,timetable_ends_on,,,
2026-09-15,idfm,static,days_left,,,
